Date,Bitcoin,Ethereum
4.11.2014, 324 ,
5.11.2014, 329 ,
6.11.2014, 338 ,
7.11.2014, 349 ,
8.11.2014, 341 ,
9.11.2014, 345 ,
10.11.2014, 357 ,
11.11.2014, 371 ,
12.11.2014, 367 ,
13.11.2014, 429 ,
14.11.2014, 419 ,
15.11.2014, 400 ,
16.11.2014, 375 ,
17.11.2014, 388 ,
18.11.2014, 387 ,
19.11.2014, 374 ,
20.11.2014, 378 ,
21.11.2014, 357 ,
22.11.2014, 351 ,
23.11.2014, 352 ,
24.11.2014, 366 ,
25.11.2014, 376 ,
26.11.2014, 377 ,
27.11.2014, 369 ,
28.11.2014, 370 ,
29.11.2014, 377 ,
30.11.2014, 376 ,
1.12.2014, 378 ,
2.12.2014, 381 ,
3.12.2014, 383 ,
4.12.2014, 376 ,
5.12.2014, 371 ,
6.12.2014, 377 ,
7.12.2014, 375 ,
8.12.2014, 376 ,
9.12.2014, 361 ,
10.12.2014, 352 ,
11.12.2014, 345 ,
12.12.2014, 349 ,
13.12.2014, 352 ,
14.12.2014, 347 ,
15.12.2014, 353 ,
16.12.2014, 346 ,
17.12.2014, 327 ,
18.12.2014, 319 ,
19.12.2014, 312 ,
20.12.2014, 317 ,
21.12.2014, 329 ,
22.12.2014, 321 ,
23.12.2014, 332 ,
24.12.2014, 336 ,
25.12.2014, 323 ,
26.12.2014, 319 ,
27.12.2014, 328 ,
28.12.2014, 316 ,
29.12.2014, 317 ,
30.12.2014, 312 ,
31.12.2014, 311 ,
1.01.2015, 320 ,
2.01.2015, 313 ,
3.01.2015, 315 ,
4.01.2015, 278 ,
5.01.2015, 264 ,
6.01.2015, 273 ,
7.01.2015, 287 ,
8.01.2015, 295 ,
9.01.2015, 282 ,
10.01.2015, 289 ,
11.01.2015, 275 ,
12.01.2015, 266 ,
13.01.2015, 268 ,
14.01.2015, 224 ,
15.01.2015, 178 ,
16.01.2015, 209 ,
17.01.2015, 206 ,
18.01.2015, 200 ,
19.01.2015, 210 ,
20.01.2015, 214 ,
21.01.2015, 211 ,
22.01.2015, 227 ,
23.01.2015, 233 ,
24.01.2015, 232 ,
25.01.2015, 247 ,
26.01.2015, 253 ,
27.01.2015, 274 ,
28.01.2015, 264 ,
29.01.2015, 234 ,
30.01.2015, 233 ,
31.01.2015, 227 ,
1.02.2015, 216 ,
2.02.2015, 227 ,
3.02.2015, 239 ,
4.02.2015, 228 ,
5.02.2015, 227 ,
6.02.2015, 216 ,
7.02.2015, 223 ,
8.02.2015, 228 ,
9.02.2015, 223 ,
10.02.2015, 220 ,
11.02.2015, 220 ,
12.02.2015, 219 ,
13.02.2015, 222 ,
14.02.2015, 236 ,
15.02.2015, 257 ,
16.02.2015, 235 ,
17.02.2015, 233 ,
18.02.2015, 244 ,
19.02.2015, 236 ,
20.02.2015, 240 ,
21.02.2015, 244 ,
22.02.2015, 245 ,
23.02.2015, 236 ,
24.02.2015, 239 ,
25.02.2015, 239 ,
26.02.2015, 237 ,
27.02.2015, 237 ,
28.02.2015, 254 ,
1.03.2015, 255 ,
2.03.2015, 261 ,
3.03.2015, 276 ,
4.03.2015, 283 ,
5.03.2015, 273 ,
6.03.2015, 276 ,
7.03.2015, 273 ,
8.03.2015, 277 ,
9.03.2015, 275 ,
10.03.2015, 291 ,
11.03.2015, 292 ,
12.03.2015, 297 ,
13.03.2015, 295 ,
14.03.2015, 283 ,
15.03.2015, 282 ,
16.03.2015, 287 ,
17.03.2015, 291 ,
18.03.2015, 285 ,
19.03.2015, 257 ,
20.03.2015, 261 ,
21.03.2015, 262 ,
22.03.2015, 260 ,
23.03.2015, 268 ,
24.03.2015, 267 ,
25.03.2015, 246 ,
26.03.2015, 246 ,
27.03.2015, 249 ,
28.03.2015, 247 ,
29.03.2015, 253 ,
30.03.2015, 243 ,
31.03.2015, 247 ,
1.04.2015, 244 ,
2.04.2015, 247 ,
3.04.2015, 253 ,
4.04.2015, 254 ,
5.04.2015, 254 ,
6.04.2015, 261 ,
7.04.2015, 256 ,
8.04.2015, 254 ,
9.04.2015, 245 ,
10.04.2015, 244 ,
11.04.2015, 236 ,
12.04.2015, 237 ,
13.04.2015, 236 ,
14.04.2015, 225 ,
15.04.2015, 220 ,
16.04.2015, 224 ,
17.04.2015, 228 ,
18.04.2015, 222 ,
19.04.2015, 223 ,
20.04.2015, 222 ,
21.04.2015, 224 ,
22.04.2015, 235 ,
23.04.2015, 234 ,
24.04.2015, 236 ,
25.04.2015, 231 ,
26.04.2015, 226 ,
27.04.2015, 220 ,
28.04.2015, 227 ,
29.04.2015, 225 ,
30.04.2015, 225 ,
1.05.2015, 236 ,
2.05.2015, 232 ,
3.05.2015, 235 ,
4.05.2015, 240 ,
5.05.2015, 239 ,
6.05.2015, 236 ,
7.05.2015, 229 ,
8.05.2015, 237 ,
9.05.2015, 244 ,
10.05.2015, 242 ,
11.05.2015, 240 ,
12.05.2015, 242 ,
13.05.2015, 241 ,
14.05.2015, 236 ,
15.05.2015, 237 ,
16.05.2015, 237 ,
17.05.2015, 236 ,
18.05.2015, 236 ,
19.05.2015, 233 ,
20.05.2015, 231 ,
21.05.2015, 234 ,
22.05.2015, 235 ,
23.05.2015, 240 ,
24.05.2015, 239 ,
25.05.2015, 240 ,
26.05.2015, 237 ,
27.05.2015, 237 ,
28.05.2015, 237 ,
29.05.2015, 237 ,
30.05.2015, 237 ,
31.05.2015, 233 ,
1.06.2015, 229 ,
2.06.2015, 222 ,
3.06.2015, 225 ,
4.06.2015, 225 ,
5.06.2015, 224 ,
6.06.2015, 224 ,
7.06.2015, 225 ,
8.06.2015, 223 ,
9.06.2015, 228 ,
10.06.2015, 229 ,
11.06.2015, 229 ,
12.06.2015, 230 ,
13.06.2015, 229 ,
14.06.2015, 232 ,
15.06.2015, 234 ,
16.06.2015, 237 ,
17.06.2015, 251 ,
18.06.2015, 249 ,
19.06.2015, 249 ,
20.06.2015, 244 ,
21.06.2015, 245 ,
22.06.2015, 244 ,
23.06.2015, 247 ,
24.06.2015, 244 ,
25.06.2015, 240 ,
26.06.2015, 242 ,
27.06.2015, 243 ,
28.06.2015, 251 ,
29.06.2015, 249 ,
30.06.2015, 257 ,
1.07.2015, 263 ,
2.07.2015, 258 ,
3.07.2015, 255 ,
4.07.2015, 256 ,
5.07.2015, 261 ,
6.07.2015, 272 ,
7.07.2015, 269 ,
8.07.2015, 266 ,
9.07.2015, 270 ,
10.07.2015, 269 ,
11.07.2015, 285 ,
12.07.2015, 293 ,
13.07.2015, 311 ,
14.07.2015, 292 ,
15.07.2015, 287 ,
16.07.2015, 286 ,
17.07.2015, 279 ,
18.07.2015, 280 ,
19.07.2015, 277 ,
20.07.2015, 275 ,
21.07.2015, 280 ,
22.07.2015, 276 ,
23.07.2015, 278 ,
24.07.2015, 277 ,
25.07.2015, 289 ,
26.07.2015, 289 ,
27.07.2015, 293 ,
28.07.2015, 294 ,
29.07.2015, 295 ,
30.07.2015, 290 ,
31.07.2015, 288 ,
1.08.2015, 284 ,
2.08.2015, 280 ,
3.08.2015, 282 ,
4.08.2015, 281 ,
5.08.2015, 285 ,
6.08.2015, 282 ,
7.08.2015, 279 ,
8.08.2015, 280 , 1 
9.08.2015, 262 , 1 
10.08.2015, 265 , 1 
11.08.2015, 265 , 1 
12.08.2015, 272 , 1 
13.08.2015, 267 , 2 
14.08.2015, 265 , 2 
15.08.2015, 266 , 2 
16.08.2015, 262 , 2 
17.08.2015, 258 , 1 
18.08.2015, 257 , 1 
19.08.2015, 221 , 1 
20.08.2015, 226 , 1 
21.08.2015, 236 , 1 
22.08.2015, 233 , 1 
23.08.2015, 231 , 1 
24.08.2015, 229 , 1 
25.08.2015, 210 , 1 
26.08.2015, 222 , 1 
27.08.2015, 226 , 1 
28.08.2015, 225 , 1 
29.08.2015, 232 , 1 
30.08.2015, 230 , 1 
31.08.2015, 229 , 1 
1.09.2015, 230 , 1 
2.09.2015, 228 , 1 
3.09.2015, 230 , 1 
4.09.2015, 227 , 1 
5.09.2015, 231 , 1 
6.09.2015, 236 , 1 
7.09.2015, 240 , 1 
8.09.2015, 241 , 1 
9.09.2015, 244 , 1 
10.09.2015, 239 , 1 
11.09.2015, 239 , 1 
12.09.2015, 240 , 1 
13.09.2015, 235 , 1 
14.09.2015, 231 , 1 
15.09.2015, 231 , 1 
16.09.2015, 230 , 1 
17.09.2015, 229 , 1 
18.09.2015, 233 , 1 
19.09.2015, 233 , 1 
20.09.2015, 232 , 1 
21.09.2015, 230 , 1 
22.09.2015, 227 , 1 
23.09.2015, 231 , 1 
24.09.2015, 230 , 1 
25.09.2015, 235 , 1 
26.09.2015, 235 , 1 
27.09.2015, 234 , 1 
28.09.2015, 233 , 1 
29.09.2015, 240 , 1 
30.09.2015, 237 , 1 
1.10.2015, 236 , 1 
2.10.2015, 238 , 1 
3.10.2015, 238 , 1 
4.10.2015, 240 , 1 
5.10.2015, 239 , 1 
6.10.2015, 241 , 1 
7.10.2015, 247 , 1 
8.10.2015, 244 , 1 
9.10.2015, 243 , 1 
10.10.2015, 245 , 1 
11.10.2015, 246 , 1 
12.10.2015, 248 , 1 
13.10.2015, 246 , 1 
14.10.2015, 251 , 1 
15.10.2015, 253 , 1 
16.10.2015, 255 , 1 
17.10.2015, 263 , 1 
18.10.2015, 273 , 1 
19.10.2015, 265 , 0 
20.10.2015, 265 , 0 
21.10.2015, 271 , 0 
22.10.2015, 268 , 1 
23.10.2015, 276 , 1 
24.10.2015, 279 , 1 
25.10.2015, 283 , 1 
26.10.2015, 285 , 1 
27.10.2015, 287 , 1 
28.10.2015, 295 , 1 
29.10.2015, 305 , 1 
30.10.2015, 315 , 1 
31.10.2015, 328 , 1 
1.11.2015, 315 , 1 
2.11.2015, 330 , 1 
3.11.2015, 365 , 1 
4.11.2015, 404 , 1 
5.11.2015, 409 , 1 
6.11.2015, 387 , 1 
7.11.2015, 375 , 1 
8.11.2015, 385 , 1 
9.11.2015, 373 , 1 
10.11.2015, 380 , 1 
11.11.2015, 338 , 1 
12.11.2015, 313 , 1 
13.11.2015, 337 , 1 
14.11.2015, 337 , 1 
15.11.2015, 333 , 1 
16.11.2015, 320 , 1 
17.11.2015, 331 , 1 
18.11.2015, 336 , 1 
19.11.2015, 335 , 1 
20.11.2015, 326 , 1 
21.11.2015, 322 , 1 
22.11.2015, 327 , 1 
23.11.2015, 324 , 1 
24.11.2015, 323 , 1 
25.11.2015, 320 , 1 
26.11.2015, 329 , 1 
27.11.2015, 353 , 1 
28.11.2015, 358 , 1 
29.11.2015, 357 , 1 
30.11.2015, 371 , 1 
1.12.2015, 377 , 1 
2.12.2015, 363 , 1 
3.12.2015, 359 , 1 
4.12.2015, 361 , 1 
5.12.2015, 364 , 1 
6.12.2015, 389 , 1 
7.12.2015, 388 , 1 
8.12.2015, 396 , 1 
9.12.2015, 418 , 1 
10.12.2015, 418 , 1 
11.12.2015, 415 , 1 
12.12.2015, 453 , 1 
13.12.2015, 436 , 1 
14.12.2015, 433 , 1 
15.12.2015, 444 , 1 
16.12.2015, 465 , 1 
17.12.2015, 455 , 1 
18.12.2015, 456 , 1 
19.12.2015, 463 , 1 
20.12.2015, 462 , 1 
21.12.2015, 442 , 1 
22.12.2015, 438 , 1 
23.12.2015, 435 , 1 
24.12.2015, 442 , 1 
25.12.2015, 456 , 1 
26.12.2015, 456 , 1 
27.12.2015, 417 , 1 
28.12.2015, 422 , 1 
29.12.2015, 422 , 1 
30.12.2015, 432 , 1 
31.12.2015, 426 , 1 
1.01.2016, 430 , 1 
2.01.2016, 434 , 1 
3.01.2016, 433 , 1 
4.01.2016, 430 , 1 
5.01.2016, 434 , 1 
6.01.2016, 432 , 1 
7.01.2016, 429 , 1 
8.01.2016, 459 , 1 
9.01.2016, 453 , 1 
10.01.2016, 449 , 1 
11.01.2016, 449 , 1 
12.01.2016, 449 , 1 
13.01.2016, 433 , 1 
14.01.2016, 432 , 1 
15.01.2016, 429 , 1 
16.01.2016, 359 , 1 
17.01.2016, 388 , 1 
18.01.2016, 380 , 1 
19.01.2016, 386 , 1 
20.01.2016, 379 , 2 
21.01.2016, 419 , 2 
22.01.2016, 410 , 2 
23.01.2016, 381 , 2 
24.01.2016, 386 , 2 
25.01.2016, 403 , 3 
26.01.2016, 391 , 2 
27.01.2016, 391 , 2 
28.01.2016, 395 , 3 
29.01.2016, 380 , 2 
30.01.2016, 378 , 2 
31.01.2016, 376 , 2 
1.02.2016, 367 , 2 
2.02.2016, 371 , 2 
3.02.2016, 373 , 3 
4.02.2016, 369 , 3 
5.02.2016, 389 , 3 
6.02.2016, 385 , 3 
7.02.2016, 375 , 3 
8.02.2016, 377 , 3 
9.02.2016, 371 , 4 
10.02.2016, 374 , 4 
11.02.2016, 380 , 6 
12.02.2016, 378 , 6 
13.02.2016, 383 , 5 
14.02.2016, 392 , 5 
15.02.2016, 407 , 5 
16.02.2016, 400 , 4 
17.02.2016, 407 , 4 
18.02.2016, 415 , 4 
19.02.2016, 421 , 5 
20.02.2016, 420 , 4 
21.02.2016, 438 , 5 
22.02.2016, 439 , 6 
23.02.2016, 438 , 6 
24.02.2016, 420 , 6 
25.02.2016, 424 , 6 
26.02.2016, 423 , 6 
27.02.2016, 431 , 6 
28.02.2016, 432 , 6 
29.02.2016, 434 , 6 
1.03.2016, 436 , 8 
2.03.2016, 434 , 8 
3.03.2016, 422 , 9 
4.03.2016, 419 , 10 
5.03.2016, 408 , 11 
6.03.2016, 398 , 11 
7.03.2016, 404 , 10 
8.03.2016, 412 , 10 
9.03.2016, 412 , 12 
10.03.2016, 413 , 11 
11.03.2016, 416 , 11 
12.03.2016, 420 , 14 
13.03.2016, 410 , 14 
14.03.2016, 412 , 12 
15.03.2016, 415 , 13 
16.03.2016, 415 , 13 
17.03.2016, 416 , 11 
18.03.2016, 419 , 11 
19.03.2016, 408 , 11 
20.03.2016, 409 , 10 
21.03.2016, 411 , 12 
22.03.2016, 412 , 11 
23.03.2016, 417 , 12 
24.03.2016, 417 , 11 
25.03.2016, 415 , 11 
26.03.2016, 416 , 11 
27.03.2016, 417 , 10 
28.03.2016, 425 , 12 
29.03.2016, 423 , 12 
30.03.2016, 416 , 12 
31.03.2016, 413 , 11 
1.04.2016, 415 , 12 
2.04.2016, 417 , 12 
3.04.2016, 420 , 12 
4.04.2016, 420 , 11 
5.04.2016, 419 , 10 
6.04.2016, 422 , 11 
7.04.2016, 422 , 10 
8.04.2016, 422 , 10 
9.04.2016, 418 , 9 
10.04.2016, 418 , 9 
11.04.2016, 421 , 9 
12.04.2016, 423 , 7 
13.04.2016, 426 , 8 
14.04.2016, 424 , 8 
15.04.2016, 425 , 8 
16.04.2016, 430 , 9 
17.04.2016, 431 , 9 
18.04.2016, 428 , 9 
19.04.2016, 429 , 9 
20.04.2016, 437 , 8 
21.04.2016, 442 , 8 
22.04.2016, 451 , 8 
23.04.2016, 448 , 8 
24.04.2016, 453 , 8 
25.04.2016, 462 , 8 
26.04.2016, 463 , 7 
27.04.2016, 468 , 8 
28.04.2016, 445 , 7 
29.04.2016, 450 , 7 
30.04.2016, 455 , 9 
1.05.2016, 447 , 9 
2.05.2016, 451 , 10 
3.05.2016, 444 , 9 
4.05.2016, 451 , 9 
5.05.2016, 447 , 10 
6.05.2016, 448 , 9 
7.05.2016, 461 , 9 
8.05.2016, 459 , 9 
9.05.2016, 459 , 9 
10.05.2016, 460 , 9 
11.05.2016, 451 , 10 
12.05.2016, 452 , 10 
13.05.2016, 455 , 11 
14.05.2016, 456 , 10 
15.05.2016, 455 , 10 
16.05.2016, 457 , 11 
17.05.2016, 453 , 12 
18.05.2016, 453 , 14 
19.05.2016, 453 , 15 
20.05.2016, 437 , 14 
21.05.2016, 442 , 14 
22.05.2016, 443 , 14 
23.05.2016, 438 , 13 
24.05.2016, 443 , 13 
25.05.2016, 445 , 13 
26.05.2016, 449 , 12 
27.05.2016, 454 , 11 
28.05.2016, 472 , 12 
29.05.2016, 525 , 12 
30.05.2016, 526 , 13 
31.05.2016, 533 , 14 
1.06.2016, 532 , 14 
2.06.2016, 537 , 14 
3.06.2016, 538 , 14 
4.06.2016, 571 , 14 
5.06.2016, 573 , 14 
6.06.2016, 574 , 14 
7.06.2016, 586 , 15 
8.06.2016, 577 , 14 
9.06.2016, 583 , 14 
10.06.2016, 576 , 14 
11.06.2016, 579 , 14 
12.06.2016, 613 , 16 
13.06.2016, 672 , 18 
14.06.2016, 706 , 19 
15.06.2016, 685 , 18 
16.06.2016, 696 , 21 
17.06.2016, 768 , 15 
18.06.2016, 748 , 11 
19.06.2016, 756 , 12 
20.06.2016, 766 , 12 
21.06.2016, 732 , 13 
22.06.2016, 667 , 13 
23.06.2016, 606 , 14 
24.06.2016, 625 , 14 
25.06.2016, 665 , 14 
26.06.2016, 665 , 14 
27.06.2016, 628 , 14 
28.06.2016, 658 , 12 
29.06.2016, 646 , 13 
30.06.2016, 640 , 12 
1.07.2016, 674 , 12 
2.07.2016, 677 , 12 
3.07.2016, 705 , 12 
4.07.2016, 659 , 11 
5.07.2016, 682 , 11 
6.07.2016, 668 , 11 
7.07.2016, 676 , 10 
8.07.2016, 640 , 11 
9.07.2016, 664 , 11 
10.07.2016, 649 , 11 
11.07.2016, 650 , 10 
12.07.2016, 649 , 11 
13.07.2016, 665 , 11 
14.07.2016, 655 , 12 
15.07.2016, 660 , 12 
16.07.2016, 664 , 12 
17.07.2016, 664 , 11 
18.07.2016, 680 , 11 
19.07.2016, 674 , 12 
20.07.2016, 675 , 12 
21.07.2016, 667 , 13 
22.07.2016, 665 , 15 
23.07.2016, 650 , 14 
24.07.2016, 654 , 13 
25.07.2016, 661 , 14 
26.07.2016, 654 , 12 
27.07.2016, 651 , 13 
28.07.2016, 655 , 13 
29.07.2016, 656 , 13 
30.07.2016, 657 , 12 
31.07.2016, 655 , 12 
1.08.2016, 624 , 11 
2.08.2016, 607 , 9 
3.08.2016, 539 , 10 
4.08.2016, 567 , 11 
5.08.2016, 580 , 11 
6.08.2016, 575 , 11 
7.08.2016, 590 , 11 
8.08.2016, 595 , 11 
9.08.2016, 592 , 12 
10.08.2016, 585 , 12 
11.08.2016, 592 , 12 
12.08.2016, 588 , 12 
13.08.2016, 586 , 12 
14.08.2016, 584 , 11 
15.08.2016, 571 , 11 
16.08.2016, 567 , 11 
17.08.2016, 575 , 11 
18.08.2016, 573 , 11 
19.08.2016, 573 , 11 
20.08.2016, 574 , 11 
21.08.2016, 582 , 11 
22.08.2016, 581 , 11 
23.08.2016, 585 , 11 
24.08.2016, 582 , 11 
25.08.2016, 579 , 11 
26.08.2016, 576 , 11 
27.08.2016, 578 , 11 
28.08.2016, 568 , 11 
29.08.2016, 574 , 11 
30.08.2016, 573 , 11 
31.08.2016, 576 , 12 
1.09.2016, 573 , 12 
2.09.2016, 572 , 12 
3.09.2016, 575 , 12 
4.09.2016, 597 , 12 
5.09.2016, 610 , 12 
6.09.2016, 607 , 12 
7.09.2016, 613 , 12 
8.09.2016, 615 , 11 
9.09.2016, 627 , 12 
10.09.2016, 622 , 12 
11.09.2016, 623 , 12 
12.09.2016, 606 , 12 
13.09.2016, 607 , 12 
14.09.2016, 608 , 12 
15.09.2016, 609 , 12 
16.09.2016, 606 , 13 
17.09.2016, 607 , 13 
18.09.2016, 606 , 12 
19.09.2016, 610 , 13 
20.09.2016, 609 , 14 
21.09.2016, 602 , 14 
22.09.2016, 596 , 13 
23.09.2016, 595 , 13 
24.09.2016, 602 , 13 
25.09.2016, 601 , 13 
26.09.2016, 600 , 13 
27.09.2016, 607 , 13 
28.09.2016, 605 , 13 
29.09.2016, 604 , 13 
30.09.2016, 605 , 13 
1.10.2016, 609 , 13 
2.10.2016, 614 , 13 
3.10.2016, 609 , 13 
4.10.2016, 613 , 13 
5.10.2016, 610 , 13 
6.10.2016, 612 , 13 
7.10.2016, 611 , 13 
8.10.2016, 617 , 12 
9.10.2016, 619 , 12 
10.10.2016, 614 , 12 
11.10.2016, 618 , 12 
12.10.2016, 641 , 12 
13.10.2016, 636 , 12 
14.10.2016, 635 , 12 
15.10.2016, 638 , 12 
16.10.2016, 638 , 12 
17.10.2016, 641 , 12 
18.10.2016, 637 , 13 
19.10.2016, 635 , 12 
20.10.2016, 629 , 12 
21.10.2016, 628 , 12 
22.10.2016, 630 , 12 
23.10.2016, 653 , 12 
24.10.2016, 651 , 12 
25.10.2016, 649 , 11 
26.10.2016, 653 , 12 
27.10.2016, 675 , 12 
28.10.2016, 686 , 11 
29.10.2016, 689 , 10 
30.10.2016, 714 , 11 
31.10.2016, 699 , 11 
1.11.2016, 697 , 11 
2.11.2016, 730 , 11 
3.11.2016, 742 , 11 
4.11.2016, 689 , 11 
5.11.2016, 705 , 11 
6.11.2016, 707 , 11 
7.11.2016, 714 , 11 
8.11.2016, 706 , 11 
9.11.2016, 711 , 11 
10.11.2016, 721 , 11 
11.11.2016, 714 , 10 
12.11.2016, 716 , 10 
13.11.2016, 704 , 10 
14.11.2016, 704 , 10 
15.11.2016, 707 , 10 
16.11.2016, 712 , 10 
17.11.2016, 743 , 10 
18.11.2016, 737 , 9 
19.11.2016, 750 , 10 
20.11.2016, 751 , 10 
21.11.2016, 729 , 10 
22.11.2016, 737 , 10 
23.11.2016, 749 , 10 
24.11.2016, 742 , 9 
25.11.2016, 737 , 9 
26.11.2016, 739 , 9 
27.11.2016, 731 , 9 
28.11.2016, 727 , 9 
29.11.2016, 731 , 8 
30.11.2016, 731 , 9 
1.12.2016, 742 , 8 
2.12.2016, 754 , 8 
3.12.2016, 772 , 8 
4.12.2016, 766 , 7 
5.12.2016, 768 , 7 
6.12.2016, 751 , 8 
7.12.2016, 759 , 8 
8.12.2016, 765 , 8 
9.12.2016, 767 , 8 
10.12.2016, 770 , 8 
11.12.2016, 773 , 8 
12.12.2016, 770 , 9 
13.12.2016, 778 , 8 
14.12.2016, 775 , 8 
15.12.2016, 777 , 8 
16.12.2016, 776 , 8 
17.12.2016, 781 , 8 
18.12.2016, 789 , 8 
19.12.2016, 790 , 8 
20.12.2016, 791 , 8 
21.12.2016, 799 , 8 
22.12.2016, 833 , 8 
23.12.2016, 859 , 8 
24.12.2016, 918 , 7 
25.12.2016, 893 , 7 
26.12.2016, 897 , 7 
27.12.2016, 905 , 7 
28.12.2016, 932 , 7 
29.12.2016, 979 , 8 
30.12.2016, 971 , 8 
31.12.2016, 959 , 8 
1.01.2017, 967 , 8 
2.01.2017, 998 , 8 
3.01.2017," 1,018 ", 8 
4.01.2017," 1,037 ", 10 
5.01.2017," 1,137 ", 11 
6.01.2017," 1,003 ", 10 
7.01.2017, 895 , 10 
8.01.2017, 907 , 10 
9.01.2017, 915 , 10 
10.01.2017, 901 , 10 
11.01.2017, 905 , 10 
12.01.2017, 779 , 10 
13.01.2017, 806 , 10 
14.01.2017, 827 , 10 
15.01.2017, 818 , 10 
16.01.2017, 821 , 10 
17.01.2017, 832 , 10 
18.01.2017, 905 , 10 
19.01.2017, 887 , 10 
20.01.2017, 902 , 10 
21.01.2017, 895 , 11 
22.01.2017, 924 , 11 
23.01.2017, 923 , 11 
24.01.2017, 915 , 11 
25.01.2017, 886 , 11 
26.01.2017, 894 , 10 
27.01.2017, 915 , 11 
28.01.2017, 917 , 11 
29.01.2017, 919 , 11 
30.01.2017, 913 , 10 
31.01.2017, 920 , 11 
1.02.2017, 967 , 11 
2.02.2017, 984 , 11 
3.02.2017," 1,007 ", 11 
4.02.2017," 1,017 ", 11 
5.02.2017," 1,033 ", 11 
6.02.2017," 1,012 ", 11 
7.02.2017," 1,023 ", 11 
8.02.2017," 1,052 ", 11 
9.02.2017," 1,052 ", 11 
10.02.2017, 985 , 11 
11.02.2017, 996 , 11 
12.02.2017," 1,008 ", 11 
13.02.2017, 998 , 11 
14.02.2017," 1,000 ", 11 
15.02.2017," 1,013 ", 13 
16.02.2017," 1,014 ", 13 
17.02.2017," 1,036 ", 13 
18.02.2017," 1,056 ", 13 
19.02.2017," 1,060 ", 13 
20.02.2017," 1,056 ", 13 
21.02.2017," 1,089 ", 12 
22.02.2017," 1,128 ", 13 
23.02.2017," 1,128 ", 13 
24.02.2017," 1,186 ", 13 
25.02.2017," 1,186 ", 13 
26.02.2017," 1,153 ", 14 
27.02.2017," 1,179 ", 15 
28.02.2017," 1,195 ", 16 
1.03.2017," 1,190 ", 16 
2.03.2017," 1,229 ", 17 
3.03.2017," 1,258 ", 19 
4.03.2017," 1,289 ", 19 
5.03.2017," 1,268 ", 19 
6.03.2017," 1,279 ", 19 
7.03.2017," 1,280 ", 20 
8.03.2017," 1,233 ", 19 
9.03.2017," 1,150 ", 17 
10.03.2017," 1,191 ", 18 
11.03.2017," 1,114 ", 19 
12.03.2017," 1,177 ", 21 
13.03.2017," 1,226 ", 23 
14.03.2017," 1,244 ", 29 
15.03.2017," 1,245 ", 29 
16.03.2017," 1,258 ", 35 
17.03.2017," 1,175 ", 45 
18.03.2017," 1,070 ", 45 
19.03.2017, 969 , 34 
20.03.2017," 1,016 ", 43 
21.03.2017," 1,039 ", 42 
22.03.2017," 1,115 ", 42 
23.03.2017," 1,038 ", 41 
24.03.2017," 1,029 ", 43 
25.03.2017, 934 , 53 
26.03.2017, 965 , 51 
27.03.2017, 968 , 51 
28.03.2017," 1,042 ", 49 
29.03.2017," 1,045 ", 50 
30.03.2017," 1,041 ", 53 
31.03.2017," 1,041 ", 52 
1.04.2017," 1,081 ", 50 
2.04.2017," 1,092 ", 51 
3.04.2017," 1,108 ", 48 
4.04.2017," 1,149 ", 44 
5.04.2017," 1,143 ", 44 
6.04.2017," 1,134 ", 45 
7.04.2017," 1,192 ", 43 
8.04.2017," 1,193 ", 42 
9.04.2017," 1,185 ", 44 
10.04.2017," 1,211 ", 44 
11.04.2017," 1,211 ", 44 
12.04.2017," 1,223 ", 44 
13.04.2017," 1,215 ", 46 
14.04.2017," 1,176 ", 50 
15.04.2017," 1,172 ", 47 
16.04.2017," 1,179 ", 49 
17.04.2017," 1,177 ", 48 
18.04.2017," 1,188 ", 48 
19.04.2017," 1,202 ", 50 
20.04.2017," 1,210 ", 48 
21.04.2017," 1,235 ", 49 
22.04.2017," 1,247 ", 48 
23.04.2017," 1,242 ", 48 
24.04.2017," 1,248 ", 49 
25.04.2017," 1,255 ", 50 
26.04.2017," 1,277 ", 50 
27.04.2017," 1,293 ", 53 
28.04.2017," 1,342 ", 63 
29.04.2017," 1,349 ", 72 
30.04.2017," 1,361 ", 70 
1.05.2017," 1,379 ", 80 
2.05.2017," 1,431 ", 76 
3.05.2017," 1,464 ", 77 
4.05.2017," 1,512 ", 80 
5.05.2017," 1,545 ", 95 
6.05.2017," 1,527 ", 90 
7.05.2017," 1,567 ", 95 
8.05.2017," 1,566 ", 91 
9.05.2017," 1,649 ", 86 
10.05.2017," 1,719 ", 87 
11.05.2017," 1,779 ", 88 
12.05.2017," 1,835 ", 88 
13.05.2017," 1,696 ", 85 
14.05.2017," 1,791 ", 88 
15.05.2017," 1,794 ", 89 
16.05.2017," 1,747 ", 91 
17.05.2017," 1,777 ", 88 
18.05.2017," 1,808 ", 87 
19.05.2017," 1,892 ", 96 
20.05.2017," 1,961 ", 124 
21.05.2017," 2,020 ", 121 
22.05.2017," 2,020 ", 146 
23.05.2017," 2,101 ", 157 
24.05.2017," 2,267 ", 169 
25.05.2017," 2,423 ", 186 
26.05.2017," 2,301 ", 172 
27.05.2017," 2,272 ", 164 
28.05.2017," 2,052 ", 156 
29.05.2017," 2,198 ", 173 
30.05.2017," 2,281 ", 195 
31.05.2017," 2,193 ", 230 
1.06.2017," 2,301 ", 229 
2.06.2017," 2,414 ", 221 
3.06.2017," 2,484 ", 222 
4.06.2017," 2,548 ", 224 
5.06.2017," 2,530 ", 246 
6.06.2017," 2,694 ", 247 
7.06.2017," 2,870 ", 264 
8.06.2017," 2,691 ", 255 
9.06.2017," 2,806 ", 260 
10.06.2017," 2,817 ", 279 
11.06.2017," 2,908 ", 339 
12.06.2017," 2,959 ", 337 
13.06.2017," 2,659 ", 398 
14.06.2017," 2,707 ", 388 
15.06.2017," 2,460 ", 345 
16.06.2017," 2,416 ", 344 
17.06.2017," 2,484 ", 355 
18.06.2017," 2,635 ", 368 
19.06.2017," 2,513 ", 352 
20.06.2017," 2,596 ", 359 
21.06.2017," 2,729 ", 352 
22.06.2017," 2,649 ", 326 
23.06.2017," 2,680 ", 321 
24.06.2017," 2,685 ", 326 
25.06.2017," 2,565 ", 304 
26.06.2017," 2,503 ", 278 
27.06.2017," 2,411 ", 253 
28.06.2017," 2,566 ", 287 
29.06.2017," 2,553 ", 315 
30.06.2017," 2,535 ", 293 
1.07.2017," 2,456 ", 280 
2.07.2017," 2,420 ", 263 
3.07.2017," 2,512 ", 284 
4.07.2017," 2,544 ", 276 
5.07.2017," 2,604 ", 269 
6.07.2017," 2,609 ", 266 
7.07.2017," 2,602 ", 266 
8.07.2017," 2,501 ", 241 
9.07.2017," 2,555 ", 246 
10.07.2017," 2,507 ", 238 
11.07.2017," 2,336 ", 204 
12.07.2017," 2,308 ", 191 
13.07.2017," 2,386 ", 224 
14.07.2017," 2,339 ", 205 
15.07.2017," 2,218 ", 198 
16.07.2017," 1,970 ", 169 
17.07.2017," 1,915 ", 156 
18.07.2017," 2,225 ", 190 
19.07.2017," 2,308 ", 227 
20.07.2017," 2,264 ", 194 
21.07.2017," 2,863 ", 226 
22.07.2017," 2,670 ", 217 
23.07.2017," 2,828 ", 231 
24.07.2017," 2,757 ", 229 
25.07.2017," 2,760 ", 226 
26.07.2017," 2,563 ", 204 
27.07.2017," 2,525 ", 203 
28.07.2017," 2,665 ", 203 
29.07.2017," 2,786 ", 191 
30.07.2017," 2,698 ", 205 
31.07.2017," 2,734 ", 194 
1.08.2017," 2,859 ", 201 
2.08.2017," 2,732 ", 227 
3.08.2017," 2,700 ", 218 
4.08.2017," 2,789 ", 225 
5.08.2017," 2,857 ", 221 
6.08.2017," 3,255 ", 254 
7.08.2017," 3,224 ", 264 
8.08.2017," 3,392 ", 270 
9.08.2017," 3,420 ", 296 
10.08.2017," 3,343 ", 295 
11.08.2017," 3,423 ", 298 
12.08.2017," 3,650 ", 310 
13.08.2017," 3,873 ", 308 
14.08.2017," 4,057 ", 297 
15.08.2017," 4,322 ", 299 
16.08.2017," 4,156 ", 286 
17.08.2017," 4,372 ", 300 
18.08.2017," 4,277 ", 300 
19.08.2017," 4,103 ", 293 
20.08.2017," 4,157 ", 294 
21.08.2017," 4,054 ", 298 
22.08.2017," 3,997 ", 322 
23.08.2017," 4,085 ", 313 
24.08.2017," 4,133 ", 316 
25.08.2017," 4,310 ", 325 
26.08.2017," 4,357 ", 330 
27.08.2017," 4,342 ", 333 
28.08.2017," 4,340 ", 348 
29.08.2017," 4,384 ", 348 
30.08.2017," 4,585 ", 372 
31.08.2017," 4,575 ", 383 
1.09.2017," 4,739 ", 388 
2.09.2017," 4,921 ", 392 
3.09.2017," 4,606 ", 352 
4.09.2017," 4,614 ", 352 
5.09.2017," 4,312 ", 303 
6.09.2017," 4,424 ", 320 
7.09.2017," 4,612 ", 339 
8.09.2017," 4,621 ", 335 
9.09.2017," 4,340 ", 308 
10.09.2017," 4,326 ", 304 
11.09.2017," 4,240 ", 299 
12.09.2017," 4,204 ", 298 
13.09.2017," 4,164 ", 295 
14.09.2017," 3,856 ", 275 
15.09.2017," 3,247 ", 224 
16.09.2017," 3,725 ", 260 
17.09.2017," 3,716 ", 255 
18.09.2017," 3,716 ", 260 
19.09.2017," 4,100 ", 298 
20.09.2017," 3,910 ", 283 
21.09.2017," 3,868 ", 283 
22.09.2017," 3,617 ", 258 
23.09.2017," 3,615 ", 263 
24.09.2017," 3,784 ", 286 
25.09.2017," 3,668 ", 283 
26.09.2017," 3,920 ", 295 
27.09.2017," 3,885 ", 289 
28.09.2017," 4,199 ", 310 
29.09.2017," 4,186 ", 303 
30.09.2017," 4,159 ", 292 
1.10.2017," 4,328 ", 302 
2.10.2017," 4,381 ", 303 
3.10.2017," 4,390 ", 297 
4.10.2017," 4,309 ", 292 
5.10.2017," 4,216 ", 292 
6.10.2017," 4,313 ", 295 
7.10.2017," 4,363 ", 309 
8.10.2017," 4,422 ", 311 
9.10.2017," 4,598 ", 309 
10.10.2017," 4,761 ", 296 
11.10.2017," 4,747 ", 298 
12.10.2017," 4,815 ", 302 
13.10.2017," 5,438 ", 302 
14.10.2017," 5,635 ", 337 
15.10.2017," 5,800 ", 337 
16.10.2017," 5,689 ", 336 
17.10.2017," 5,752 ", 333 
18.10.2017," 5,595 ", 316 
19.10.2017," 5,577 ", 314 
20.10.2017," 5,699 ", 308 
21.10.2017," 5,987 ", 303 
22.10.2017," 6,013 ", 300 
23.10.2017," 5,994 ", 295 
24.10.2017," 5,905 ", 285 
25.10.2017," 5,524 ", 297 
26.10.2017," 5,739 ", 297 
27.10.2017," 5,890 ", 296 
28.10.2017," 5,764 ", 297 
29.10.2017," 5,739 ", 294 
30.10.2017," 6,138 ", 303 
31.10.2017," 6,123 ", 307 
1.11.2017," 6,443 ", 303 
2.11.2017," 6,742 ", 289 
3.11.2017," 7,037 ", 285 
4.11.2017," 7,171 ", 305 
5.11.2017," 7,403 ", 301 
6.11.2017," 7,383 ", 296 
7.11.2017," 6,962 ", 297 
8.11.2017," 7,127 ", 292 
9.11.2017," 7,466 ", 308 
10.11.2017," 7,155 ", 320 
11.11.2017," 6,578 ", 298 
12.11.2017," 6,351 ", 315 
13.11.2017," 5,880 ", 307 
14.11.2017," 6,537 ", 316 
15.11.2017," 6,606 ", 335 
16.11.2017," 7,294 ", 332 
17.11.2017," 7,840 ", 330 
18.11.2017," 7,680 ", 331 
19.11.2017," 7,777 ", 347 
20.11.2017," 8,035 ", 354 
21.11.2017," 8,242 ", 368 
22.11.2017," 8,098 ", 360 
23.11.2017," 8,242 ", 382 
24.11.2017," 8,030 ", 407 
25.11.2017," 8,214 ", 472 
26.11.2017," 8,794 ", 465 
27.11.2017," 9,330 ", 472 
28.11.2017," 9,764 ", 476 
29.11.2017," 9,944 ", 467 
30.11.2017," 9,844 ", 426 
1.12.2017," 9,924 ", 434 
2.12.2017," 10,859 ", 460 
3.12.2017," 10,925 ", 457 
4.12.2017," 11,270 ", 464 
5.12.2017," 11,621 ", 468 
6.12.2017," 11,681 ", 455 
7.12.2017," 13,624 ", 415 
8.12.2017," 16,737 ", 414 
9.12.2017," 16,325 ", 455 
10.12.2017," 15,222 ", 479 
11.12.2017," 15,326 ", 442 
12.12.2017," 16,822 ", 518 
13.12.2017," 17,605 ", 664 
14.12.2017," 16,601 ", 711 
15.12.2017," 16,646 ", 697 
16.12.2017," 17,723 ", 686 
17.12.2017," 19,363 ", 688 
18.12.2017," 18,995 ", 712 
19.12.2017," 18,942 ", 786 
20.12.2017," 17,686 ", 816 
21.12.2017," 16,479 ", 798 
22.12.2017," 15,656 ", 791 
23.12.2017," 14,091 ", 673 
24.12.2017," 14,619 ", 703 
25.12.2017," 14,146 ", 690 
26.12.2017," 13,917 ", 725 
27.12.2017," 15,777 ", 754 
28.12.2017," 15,379 ", 736 
29.12.2017," 14,446 ", 719 
30.12.2017," 14,545 ", 745 
31.12.2017," 12,650 ", 698 
1.01.2018," 13,880 ", 742 
2.01.2018," 13,407 ", 755 
3.01.2018," 14,762 ", 860 
4.01.2018," 15,143 ", 942 
5.01.2018," 15,145 ", 941 
6.01.2018," 16,952 ", 967 
7.01.2018," 17,130 "," 1,006 "
8.01.2018," 16,171 "," 1,117 "
9.01.2018," 14,994 "," 1,134 "
10.01.2018," 14,416 "," 1,287 "
11.01.2018," 14,883 "," 1,246 "
12.01.2018," 13,312 "," 1,140 "
13.01.2018," 13,814 "," 1,260 "
14.01.2018," 14,198 "," 1,383 "
15.01.2018," 13,651 "," 1,362 "
16.01.2018," 13,577 "," 1,276 "
17.01.2018," 11,391 "," 1,053 "
18.01.2018," 11,177 "," 1,026 "
19.01.2018," 11,297 "," 1,022 "
20.01.2018," 11,546 "," 1,037 "
21.01.2018," 12,770 "," 1,150 "
22.01.2018," 11,511 "," 1,047 "
23.01.2018," 10,777 ", 998 
24.01.2018," 10,845 ", 984 
25.01.2018," 11,393 "," 1,062 "
26.01.2018," 11,147 "," 1,047 "
27.01.2018," 11,099 "," 1,050 "
28.01.2018," 11,428 "," 1,111 "
29.01.2018," 11,688 "," 1,229 "
30.01.2018," 11,156 "," 1,163 "
31.01.2018," 9,984 "," 1,054 "
1.02.2018," 10,102 "," 1,105 "
2.02.2018," 9,010 "," 1,018 "
3.02.2018," 8,810 ", 915 
4.02.2018," 9,226 ", 969 
5.02.2018," 8,191 ", 830 
6.02.2018," 6,901 ", 694 
7.02.2018," 7,703 ", 787 
8.02.2018," 7,575 ", 752 
9.02.2018," 8,247 ", 812 
10.02.2018," 8,697 ", 878 
11.02.2018," 8,547 ", 850 
12.02.2018," 8,076 ", 811 
13.02.2018," 8,878 ", 865 
14.02.2018," 8,518 ", 840 
15.02.2018," 9,491 ", 921 
16.02.2018," 10,031 ", 929 
17.02.2018," 10,184 ", 939 
18.02.2018," 11,107 ", 976 
19.02.2018," 10,380 ", 912 
20.02.2018," 11,145 ", 939 
21.02.2018," 11,232 ", 883 
22.02.2018," 10,455 ", 839 
23.02.2018," 9,830 ", 805 
24.02.2018," 10,158 ", 855 
25.02.2018," 9,689 ", 834 
26.02.2018," 9,587 ", 841 
27.02.2018," 10,300 ", 867 
28.02.2018," 10,552 ", 870 
1.03.2018," 10,309 ", 850 
2.03.2018," 10,899 ", 869 
3.03.2018," 11,022 ", 855 
4.03.2018," 11,436 ", 854 
5.03.2018," 11,470 ", 862 
6.03.2018," 11,417 ", 848 
7.03.2018," 10,711 ", 815 
8.03.2018," 9,903 ", 751 
9.03.2018," 9,294 ", 698 
10.03.2018," 9,253 ", 728 
11.03.2018," 8,791 ", 684 
12.03.2018," 9,532 ", 720 
13.03.2018," 9,112 ", 696 
14.03.2018," 9,150 ", 690 
15.03.2018," 8,205 ", 612 
16.03.2018," 8,262 ", 611 
17.03.2018," 8,275 ", 601 
18.03.2018," 7,879 ", 550 
19.03.2018," 8,197 ", 538 
20.03.2018," 8,596 ", 555 
21.03.2018," 8,902 ", 557 
22.03.2018," 8,900 ", 560 
23.03.2018," 8,711 ", 538 
24.03.2018," 8,916 ", 543 
25.03.2018," 8,531 ", 520 
26.03.2018," 8,448 ", 522 
27.03.2018," 8,142 ", 487 
28.03.2018," 7,793 ", 449 
29.03.2018," 7,934 ", 446 
30.03.2018," 7,080 ", 383 
31.03.2018," 6,848 ", 394 
1.04.2018," 6,928 ", 394 
2.04.2018," 6,816 ", 378 
3.04.2018," 7,046 ", 384 
4.04.2018," 7,424 ", 416 
5.04.2018," 6,794 ", 379 
6.04.2018," 6,779 ", 382 
7.04.2018," 6,619 ", 370 
8.04.2018," 6,895 ", 385 
9.04.2018," 7,023 ", 400 
10.04.2018," 6,776 ", 398 
11.04.2018," 6,826 ", 415 
12.04.2018," 6,942 ", 430 
13.04.2018," 7,918 ", 495 
14.04.2018," 7,881 ", 493 
15.04.2018," 8,001 ", 503 
16.04.2018," 8,355 ", 534 
17.04.2018," 8,050 ", 511 
18.04.2018," 7,892 ", 503 
19.04.2018," 8,161 ", 525 
20.04.2018," 8,273 ", 567 
21.04.2018," 8,865 ", 617 
22.04.2018," 8,918 ", 606 
23.04.2018," 8,795 ", 621 
24.04.2018," 8,935 ", 644 
25.04.2018," 9,649 ", 704 
26.04.2018," 8,864 ", 617 
27.04.2018," 9,280 ", 662 
28.04.2018," 8,922 ", 643 
29.04.2018," 9,346 ", 683 
30.04.2018," 9,390 ", 688 
1.05.2018," 9,241 ", 670 
2.05.2018," 9,070 ", 671 
3.05.2018," 9,220 ", 687 
4.05.2018," 9,731 ", 777 
5.05.2018," 9,692 ", 783 
6.05.2018," 9,804 ", 813 
7.05.2018," 9,600 ", 788 
8.05.2018," 9,362 ", 753 
9.05.2018," 9,178 ", 748 
10.05.2018," 9,304 ", 750 
11.05.2018," 9,013 ", 724 
12.05.2018," 8,400 ", 677 
13.05.2018," 8,467 ", 684 
14.05.2018," 8,689 ", 729 
15.05.2018," 8,675 ", 727 
16.05.2018," 8,475 ", 706 
17.05.2018," 8,343 ", 706 
18.05.2018," 8,062 ", 668 
19.05.2018," 8,242 ", 694 
20.05.2018," 8,241 ", 696 
21.05.2018," 8,519 ", 715 
22.05.2018," 8,398 ", 697 
23.05.2018," 7,985 ", 642 
24.05.2018," 7,503 ", 578 
25.05.2018," 7,584 ", 603 
26.05.2018," 7,464 ", 584 
27.05.2018," 7,336 ", 585 
28.05.2018," 7,347 ", 571 
29.05.2018," 7,109 ", 512 
30.05.2018," 7,460 ", 565 
31.05.2018," 7,378 ", 557 
1.06.2018," 7,487 ", 577 
2.06.2018," 7,516 ", 579 
3.06.2018," 7,638 ", 591 
4.06.2018," 7,707 ", 619 
5.06.2018," 7,491 ", 592 
6.06.2018," 7,614 ", 608 
7.06.2018," 7,655 ", 606 
8.06.2018," 7,687 ", 603 
9.06.2018," 7,618 ", 599 
10.06.2018," 7,496 ", 593 
11.06.2018," 6,765 ", 525 
12.06.2018," 6,880 ", 531 
13.06.2018," 6,553 ", 495 
14.06.2018," 6,304 ", 476 
15.06.2018," 6,641 ", 519 
16.06.2018," 6,391 ", 487 
17.06.2018," 6,488 ", 497 
18.06.2018," 6,449 ", 496 
19.06.2018," 6,710 ", 517 
20.06.2018," 6,741 ", 538 
21.06.2018," 6,758 ", 536 
22.06.2018," 6,719 ", 526 
23.06.2018," 6,060 ", 462 
24.06.2018," 6,177 ", 475 
25.06.2018," 6,151 ", 455 
26.06.2018," 6,246 ", 459 
27.06.2018," 6,075 ", 430 
28.06.2018," 6,134 ", 442 
29.06.2018," 5,853 ", 420 
30.06.2018," 6,203 ", 435 
1.07.2018," 6,386 ", 453 
2.07.2018," 6,349 ", 452 
3.07.2018," 6,611 ", 476 
4.07.2018," 6,503 ", 462 
5.07.2018," 6,585 ", 467 
6.07.2018," 6,533 ", 467 
7.07.2018," 6,599 ", 469 
8.07.2018," 6,755 ", 485 
9.07.2018," 6,704 ", 486 
10.07.2018," 6,660 ", 471 
11.07.2018," 6,304 ", 433 
12.07.2018," 6,381 ", 445 
13.07.2018," 6,244 ", 430 
14.07.2018," 6,216 ", 432 
15.07.2018," 6,246 ", 434 
16.07.2018," 6,349 ", 449 
17.07.2018," 6,728 ", 479 
18.07.2018," 7,315 ", 499 
19.07.2018," 7,376 ", 479 
20.07.2018," 7,471 ", 468 
21.07.2018," 7,332 ", 449 
22.07.2018," 7,408 ", 462 
23.07.2018," 7,398 ", 457 
24.07.2018," 7,718 ", 449 
25.07.2018," 8,404 ", 479 
26.07.2018," 8,159 ", 471 
27.07.2018," 7,931 ", 462 
28.07.2018," 8,181 ", 469 
29.07.2018," 8,228 ", 468 
30.07.2018," 8,216 ", 466 
31.07.2018," 8,166 ", 456 
1.08.2018," 7,727 ", 432 
2.08.2018," 7,605 ", 420 
3.08.2018," 7,537 ", 411 
4.08.2018," 7,414 ", 418 
5.08.2018," 7,005 ", 407 
6.08.2018," 7,031 ", 409 
7.08.2018," 6,937 ", 405 
8.08.2018," 6,718 ", 378 
9.08.2018," 6,282 ", 355 
10.08.2018," 6,539 ", 364 
11.08.2018," 6,145 ", 331 
12.08.2018," 6,234 ", 318 
13.08.2018," 6,314 ", 318 
14.08.2018," 6,253 ", 284 
15.08.2018," 6,194 ", 278 
16.08.2018," 6,272 ", 281 
17.08.2018," 6,314 ", 287 
18.08.2018," 6,582 ", 318 
19.08.2018," 6,397 ", 294 
20.08.2018," 6,489 ", 300 
21.08.2018," 6,258 ", 271 
22.08.2018," 6,476 ", 281 
23.08.2018," 6,355 ", 270 
24.08.2018," 6,526 ", 276 
25.08.2018," 6,691 ", 281 
26.08.2018," 6,737 ", 278 
27.08.2018," 6,709 ", 274 
28.08.2018," 6,908 ", 288 
29.08.2018," 7,072 ", 296 
30.08.2018," 7,035 ", 288 
31.08.2018," 6,983 ", 284 
1.09.2018," 7,016 ", 282 
2.09.2018," 7,191 ", 295 
3.09.2018," 7,294 ", 295 
4.09.2018," 7,260 ", 289 
5.09.2018," 7,360 ", 285 
6.09.2018," 6,681 ", 228 
7.09.2018," 6,494 ", 229 
8.09.2018," 6,395 ", 215 
9.09.2018," 6,185 ", 197 
10.09.2018," 6,236 ", 196 
11.09.2018," 6,301 ", 197 
12.09.2018," 6,280 ", 185 
13.09.2018," 6,324 ", 183 
14.09.2018," 6,486 ", 211 
15.09.2018," 6,478 ", 210 
16.09.2018," 6,521 ", 222 
17.09.2018," 6,498 ", 220 
18.09.2018," 6,252 ", 196 
19.09.2018," 6,336 ", 209 
20.09.2018," 6,387 ", 210 
21.09.2018," 6,493 ", 224 
22.09.2018," 6,750 ", 248 
23.09.2018," 6,710 ", 241 
24.09.2018," 6,700 ", 244 
25.09.2018," 6,582 ", 228 
26.09.2018," 6,430 ", 219 
27.09.2018," 6,457 ", 214 
28.09.2018," 6,681 ", 229 
29.09.2018," 6,620 ", 221 
30.09.2018," 6,582 ", 231 
1.10.2018," 6,599 ", 232 
2.10.2018," 6,573 ", 230 
3.10.2018," 6,501 ", 225 
4.10.2018," 6,464 ", 219 
5.10.2018," 6,547 ", 221 
6.10.2018," 6,590 ", 227 
7.10.2018," 6,550 ", 224 
8.10.2018," 6,571 ", 225 
9.10.2018," 6,606 ", 228 
10.10.2018," 6,589 ", 226 
11.10.2018," 6,523 ", 223 
12.10.2018," 6,155 ", 188 
13.10.2018," 6,188 ", 194 
14.10.2018," 6,196 ", 197 
15.10.2018," 6,184 ", 192 
16.10.2018," 6,439 ", 204 
17.10.2018," 6,457 ", 206 
18.10.2018," 6,443 ", 203 
19.10.2018," 6,395 ", 199 
20.10.2018," 6,384 ", 200 
21.10.2018," 6,414 ", 203 
22.10.2018," 6,415 ", 202 
23.10.2018," 6,408 ", 201 
24.10.2018," 6,395 ", 201 
25.10.2018," 6,414 ", 201 
26.10.2018," 6,395 ", 200 
27.10.2018," 6,405 ", 201 
28.10.2018," 6,408 ", 201 
29.10.2018," 6,404 ", 202 
30.10.2018," 6,265 ", 194 
31.10.2018," 6,268 ", 195 
1.11.2018," 6,304 ", 197 
2.11.2018," 6,344 ", 198 
3.11.2018," 6,350 ", 200 
4.11.2018," 6,333 ", 198 
5.11.2018," 6,422 ", 210 
6.11.2018," 6,404 ", 209 
7.11.2018," 6,447 ", 218 
8.11.2018," 6,501 ", 217 
9.11.2018," 6,408 ", 210 
10.11.2018," 6,336 ", 208 
11.11.2018," 6,348 ", 210 
12.11.2018," 6,360 ", 210 
13.11.2018," 6,327 ", 209 
14.11.2018," 6,261 ", 203 
15.11.2018," 5,600 ", 174 
16.11.2018," 5,576 ", 179 
17.11.2018," 5,513 ", 172 
18.11.2018," 5,504 ", 172 
19.11.2018," 5,557 ", 176 
20.11.2018," 4,734 ", 146 
21.11.2018," 4,354 ", 128 
22.11.2018," 4,547 ", 135 
23.11.2018," 4,262 ", 123 
24.11.2018," 4,288 ", 121 
25.11.2018," 3,781 ", 111 
26.11.2018," 3,937 ", 114 
27.11.2018," 3,724 ", 107 
28.11.2018," 3,773 ", 109 
29.11.2018," 4,217 ", 122 
30.11.2018," 4,245 ", 116 
1.12.2018," 3,976 ", 112 
2.12.2018," 4,143 ", 117 
3.12.2018," 4,100 ", 115 
4.12.2018," 3,834 ", 107 
5.12.2018," 3,903 ", 109 
6.12.2018," 3,690 ", 101 
7.12.2018," 3,433 ", 89 
8.12.2018," 3,381 ", 93 
9.12.2018," 3,399 ", 90 
10.12.2018," 3,532 ", 93 
11.12.2018," 3,411 ", 89 
12.12.2018," 3,350 ", 87 
13.12.2018," 3,431 ", 89 
14.12.2018," 3,263 ", 85 
15.12.2018," 3,194 ", 83 
16.12.2018," 3,183 ", 83 
17.12.2018," 3,194 ", 84 
18.12.2018," 3,499 ", 94 
19.12.2018," 3,667 ", 101 
20.12.2018," 3,684 ", 99 
21.12.2018," 4,076 ", 115 
22.12.2018," 3,839 ", 108 
23.12.2018," 3,982 ", 116 
24.12.2018," 3,946 ", 130 
25.12.2018," 4,034 ", 139 
26.12.2018," 3,780 ", 129 
27.12.2018," 3,809 ", 130 
28.12.2018," 3,590 ", 114 
29.12.2018," 3,887 ", 137 
30.12.2018," 3,725 ", 134 
31.12.2018," 3,829 ", 139 
1.01.2019," 3,688 ", 131 
2.01.2019," 3,823 ", 140 
3.01.2019," 3,888 ", 153 
4.01.2019," 3,786 ", 147 
5.01.2019," 3,822 ", 153 
6.01.2019," 3,799 ", 154 
7.01.2019," 4,041 ", 156 
8.01.2019," 4,005 ", 151 
9.01.2019," 3,994 ", 149 
10.01.2019," 4,003 ", 149 
11.01.2019," 3,626 ", 126 
12.01.2019," 3,635 ", 126 
13.01.2019," 3,617 ", 125 
14.01.2019," 3,514 ", 115 
15.01.2019," 3,665 ", 128 
16.01.2019," 3,582 ", 120 
17.01.2019," 3,604 ", 122 
18.01.2019," 3,641 ", 123 
19.01.2019," 3,608 ", 120 
20.01.2019," 3,684 ", 123 
21.01.2019," 3,532 ", 117 
22.01.2019," 3,533 ", 116 
23.01.2019," 3,577 ", 118 
24.01.2019," 3,553 ", 116 
25.01.2019," 3,569 ", 116 
26.01.2019," 3,562 ", 115 
27.01.2019," 3,556 ", 115 
28.01.2019," 3,532 ", 111 
29.01.2019," 3,430 ", 105 
30.01.2019," 3,396 ", 104 
31.01.2019," 3,437 ", 108 
1.02.2019," 3,410 ", 106 
2.02.2019," 3,437 ", 106 
3.02.2019," 3,467 ", 109 
4.02.2019," 3,415 ", 106 
5.02.2019," 3,411 ", 106 
6.02.2019," 3,429 ", 106 
7.02.2019," 3,367 ", 103 
8.02.2019," 3,359 ", 103 
9.02.2019," 3,622 ", 118 
10.02.2019," 3,624 ", 118 
11.02.2019," 3,648 ", 124 
12.02.2019," 3,590 ", 120 
13.02.2019," 3,588 ", 121 
14.02.2019," 3,577 ", 121 
15.02.2019," 3,561 ", 119 
16.02.2019," 3,566 ", 120 
17.02.2019," 3,581 ", 122 
18.02.2019," 3,625 ", 132 
19.02.2019," 3,868 ", 145 
20.02.2019," 3,892 ", 143 
21.02.2019," 3,942 ", 148 
22.02.2019," 3,898 ", 144 
23.02.2019," 3,943 ", 147 
24.02.2019," 4,110 ", 158 
25.02.2019," 3,734 ", 132 
26.02.2019," 3,819 ", 138 
27.02.2019," 3,798 ", 136 
28.02.2019," 3,799 ", 134 
1.03.2019," 3,792 ", 135 
2.03.2019," 3,806 ", 135 
3.03.2019," 3,810 ", 132 
4.03.2019," 3,786 ", 130 
5.03.2019," 3,700 ", 125 
6.03.2019," 3,845 ", 136 
7.03.2019," 3,852 ", 137 
8.03.2019," 3,856 ", 136 
9.03.2019," 3,842 ", 133 
10.03.2019," 3,918 ", 136 
11.03.2019," 3,901 ", 135 
12.03.2019," 3,849 ", 132 
13.03.2019," 3,860 ", 133 
14.03.2019," 3,851 ", 131 
15.03.2019," 3,855 ", 131 
16.03.2019," 3,902 ", 136 
17.03.2019," 3,990 ", 141 
18.03.2019," 3,966 ", 138 
19.03.2019," 3,970 ", 137 
20.03.2019," 4,000 ", 138 
21.03.2019," 4,033 ", 139 
22.03.2019," 3,974 ", 134 
23.03.2019," 3,983 ", 136 
24.03.2019," 3,983 ", 137 
25.03.2019," 3,970 ", 135 
26.03.2019," 3,908 ", 133 
27.03.2019," 3,921 ", 133 
28.03.2019," 4,026 ", 139 
29.03.2019," 4,012 ", 137 
30.03.2019," 4,090 ", 143 
31.03.2019," 4,094 ", 142 
1.04.2019," 4,095 ", 141 
2.04.2019," 4,137 ", 141 
3.04.2019," 4,902 ", 165 
4.04.2019," 4,974 ", 161 
5.04.2019," 4,904 ", 158 
6.04.2019," 5,038 ", 166 
7.04.2019," 5,040 ", 165 
8.04.2019," 5,193 ", 175 
9.04.2019," 5,289 ", 181 
10.04.2019," 5,194 ", 176 
11.04.2019," 5,320 ", 177 
12.04.2019," 5,042 ", 165 
13.04.2019," 5,079 ", 164 
14.04.2019," 5,068 ", 164 
15.04.2019," 5,161 ", 168 
16.04.2019," 5,036 ", 160 
17.04.2019," 5,205 ", 167 
18.04.2019," 5,228 ", 167 
19.04.2019," 5,281 ", 174 
20.04.2019," 5,289 ", 174 
21.04.2019," 5,321 ", 174 
22.04.2019," 5,298 ", 170 
23.04.2019," 5,387 ", 172 
24.04.2019," 5,533 ", 171 
25.04.2019," 5,443 ", 166 
26.04.2019," 5,135 ", 152 
27.04.2019," 5,154 ", 153 
28.04.2019," 5,169 ", 156 
29.04.2019," 5,156 ", 153 
30.04.2019," 5,148 ", 152 
1.05.2019," 5,269 ", 160 
2.05.2019," 5,324 ", 158 
3.05.2019," 5,389 ", 159 
4.05.2019," 5,657 ", 165 
5.05.2019," 5,771 ", 162 
6.05.2019," 5,716 ", 161 
7.05.2019," 5,685 ", 171 
8.05.2019," 5,746 ", 166 
9.05.2019," 5,941 ", 170 
10.05.2019," 6,149 ", 170 
11.05.2019," 6,343 ", 172 
12.05.2019," 7,225 ", 193 
13.05.2019," 6,980 ", 188 
14.05.2019," 7,815 ", 196 
15.05.2019," 7,992 ", 218 
16.05.2019," 8,205 ", 249 
17.05.2019," 7,882 ", 265 
18.05.2019," 7,360 ", 244 
19.05.2019," 7,269 ", 234 
20.05.2019," 8,196 ", 261 
21.05.2019," 8,003 ", 252 
22.05.2019," 7,953 ", 255 
23.05.2019," 7,622 ", 244 
24.05.2019," 7,878 ", 246 
25.05.2019," 8,002 ", 250 
26.05.2019," 8,069 ", 252 
27.05.2019," 8,740 ", 268 
28.05.2019," 8,776 ", 271 
29.05.2019," 8,718 ", 271 
30.05.2019," 8,662 ", 269 
31.05.2019," 8,273 ", 254 
1.06.2019," 8,555 ", 268 
2.06.2019," 8,557 ", 265 
3.06.2019," 8,738 ", 269 
4.06.2019," 8,113 ", 250 
5.06.2019," 7,671 ", 241 
6.06.2019," 7,788 ", 246 
7.06.2019," 7,802 ", 249 
8.06.2019," 8,004 ", 250 
9.06.2019," 7,931 ", 244 
10.06.2019," 7,643 ", 232 
11.06.2019," 8,019 ", 248 
12.06.2019," 7,916 ", 245 
13.06.2019," 8,175 ", 263 
14.06.2019," 8,236 ", 255 
15.06.2019," 8,698 ", 264 
16.06.2019," 8,858 ", 269 
17.06.2019," 8,982 ", 269 
18.06.2019," 9,332 ", 274 
19.06.2019," 9,080 ", 264 
20.06.2019," 9,281 ", 269 
21.06.2019," 9,533 ", 272 
22.06.2019," 10,229 ", 296 
23.06.2019," 10,668 ", 308 
24.06.2019," 10,826 ", 307 
25.06.2019," 11,026 ", 310 
26.06.2019," 11,758 ", 317 
27.06.2019," 12,930 ", 334 
28.06.2019," 11,139 ", 294 
29.06.2019," 12,369 ", 310 
30.06.2019," 11,871 ", 318 
1.07.2019," 10,753 ", 289 
2.07.2019," 10,571 ", 294 
3.07.2019," 10,831 ", 291 
4.07.2019," 11,977 ", 302 
5.07.2019," 11,150 ", 283 
6.07.2019," 10,987 ", 288 
7.07.2019," 11,231 ", 288 
8.07.2019," 11,479 ", 307 
9.07.2019," 12,304 ", 314 
10.07.2019," 12,575 ", 308 
11.07.2019," 12,098 ", 289 
12.07.2019," 11,350 ", 269 
13.07.2019," 11,805 ", 276 
14.07.2019," 11,382 ", 270 
15.07.2019," 10,195 ", 226 
16.07.2019," 10,857 ", 228 
17.07.2019," 9,416 ", 199 
18.07.2019," 9,707 ", 211 
19.07.2019," 10,645 ", 226 
20.07.2019," 10,535 ", 221 
21.07.2019," 10,759 ", 229 
22.07.2019," 10,589 ", 226 
23.07.2019," 10,323 ", 217 
24.07.2019," 9,843 ", 212 
25.07.2019," 9,772 ", 217 
26.07.2019," 9,876 ", 219 
27.07.2019," 9,848 ", 219 
28.07.2019," 9,471 ", 207 
29.07.2019," 9,531 ", 211 
30.07.2019," 9,503 ", 211 
31.07.2019," 9,589 ", 210 
1.08.2019," 10,090 ", 219 
2.08.2019," 10,406 ", 217 
3.08.2019," 10,533 ", 218 
4.08.2019," 10,819 ", 222 
5.08.2019," 10,981 ", 223 
6.08.2019," 11,797 ", 233 
7.08.2019," 11,467 ", 226 
8.08.2019," 11,964 ", 226 
9.08.2019," 11,996 ", 221 
10.08.2019," 11,859 ", 210 
11.08.2019," 11,285 ", 206 
12.08.2019," 11,538 ", 216 
13.08.2019," 11,384 ", 211 
14.08.2019," 10,857 ", 208 
15.08.2019," 10,018 ", 186 
16.08.2019," 10,300 ", 188 
17.08.2019," 10,358 ", 185 
18.08.2019," 10,213 ", 186 
19.08.2019," 10,320 ", 195 
20.08.2019," 10,920 ", 202 
21.08.2019," 10,752 ", 196 
22.08.2019," 10,128 ", 187 
23.08.2019," 10,114 ", 191 
24.08.2019," 10,409 ", 195 
25.08.2019," 10,143 ", 191 
26.08.2019," 10,142 ", 187 
27.08.2019," 10,362 ", 188 
28.08.2019," 10,173 ", 187 
29.08.2019," 9,718 ", 173 
30.08.2019," 9,484 ", 169 
31.08.2019," 9,579 ", 168 
1.09.2019," 9,602 ", 172 
2.09.2019," 9,768 ", 171 
3.09.2019," 10,387 ", 179 
4.09.2019," 10,626 ", 179 
5.09.2019," 10,584 ", 175 
6.09.2019," 10,577 ", 174 
7.09.2019," 10,318 ", 169 
8.09.2019," 10,488 ", 178 
9.09.2019," 10,407 ", 181 
10.09.2019," 10,314 ", 181 
11.09.2019," 10,100 ", 180 
12.09.2019," 10,160 ", 178 
13.09.2019," 10,421 ", 181 
14.09.2019," 10,362 ", 181 
15.09.2019," 10,361 ", 189 
16.09.2019," 10,308 ", 189 
17.09.2019," 10,265 ", 198 
18.09.2019," 10,188 ", 208 
19.09.2019," 10,156 ", 210 
20.09.2019," 10,276 ", 221 
21.09.2019," 10,171 ", 218 
22.09.2019," 9,978 ", 215 
23.09.2019," 10,030 ", 211 
24.09.2019," 9,686 ", 201 
25.09.2019," 8,534 ", 166 
26.09.2019," 8,435 ", 170 
27.09.2019," 8,058 ", 166 
28.09.2019," 8,193 ", 174 
29.09.2019," 8,219 ", 174 
30.09.2019," 8,054 ", 169 
1.10.2019," 8,304 ", 181 
2.10.2019," 8,323 ", 176 
3.10.2019," 8,381 ", 181 
4.10.2019," 8,238 ", 175 
5.10.2019," 8,156 ", 176 
6.10.2019," 8,147 ", 176 
7.10.2019," 7,862 ", 170 
8.10.2019," 8,209 ", 180 
9.10.2019," 8,188 ", 181 
10.10.2019," 8,590 ", 194 
11.10.2019," 8,586 ", 192 
12.10.2019," 8,269 ", 181 
13.10.2019," 8,308 ", 180 
14.10.2019," 8,283 ", 181 
15.10.2019," 8,355 ", 187 
16.10.2019," 8,162 ", 181 
17.10.2019," 7,999 ", 175 
18.10.2019," 8,075 ", 177 
19.10.2019," 7,955 ", 173 
20.10.2019," 7,961 ", 172 
21.10.2019," 8,232 ", 175 
22.10.2019," 8,220 ", 174 
23.10.2019," 8,025 ", 171 
24.10.2019," 7,475 ", 162 
25.10.2019," 7,432 ", 161 
26.10.2019," 8,668 ", 182 
27.10.2019," 9,258 ", 180 
28.10.2019," 9,549 ", 184 
29.10.2019," 9,219 ", 182 
30.10.2019," 9,432 ", 191 
31.10.2019," 9,166 ", 183 
1.11.2019," 9,154 ", 183 
2.11.2019," 9,252 ", 183 
3.11.2019," 9,306 ", 183 
4.11.2019," 9,207 ", 182 
5.11.2019," 9,416 ", 186 
6.11.2019," 9,315 ", 189 
7.11.2019," 9,343 ", 191 
8.11.2019," 9,204 ", 186 
9.11.2019," 8,765 ", 184 
10.11.2019," 8,809 ", 185 
11.11.2019," 9,035 ", 189 
12.11.2019," 8,719 ", 185 
13.11.2019," 8,809 ", 187 
14.11.2019," 8,761 ", 188 
15.11.2019," 8,634 ", 185 
16.11.2019," 8,457 ", 180 
17.11.2019," 8,482 ", 182 
18.11.2019," 8,503 ", 184 
19.11.2019," 8,175 ", 178 
20.11.2019," 8,121 ", 176 
21.11.2019," 8,082 ", 174 
22.11.2019," 7,616 ", 161 
23.11.2019," 7,285 ", 150 
24.11.2019," 7,324 ", 152 
25.11.2019," 6,912 ", 140 
26.11.2019," 7,129 ", 146 
27.11.2019," 7,162 ", 148 
28.11.2019," 7,525 ", 153 
29.11.2019," 7,431 ", 151 
30.11.2019," 7,757 ", 155 
1.12.2019," 7,557 ", 152 
2.12.2019," 7,406 ", 151 
3.12.2019," 7,309 ", 149 
4.12.2019," 7,298 ", 147 
5.12.2019," 7,194 ", 145 
6.12.2019," 7,394 ", 148 
7.12.2019," 7,546 ", 149 
8.12.2019," 7,504 ", 147 
9.12.2019," 7,522 ", 151 
10.12.2019," 7,339 ", 147 
11.12.2019," 7,221 ", 146 
12.12.2019," 7,201 ", 143 
13.12.2019," 7,189 ", 145 
14.12.2019," 7,250 ", 145 
15.12.2019," 7,068 ", 142 
16.12.2019," 7,112 ", 142 
17.12.2019," 6,879 ", 132 
18.12.2019," 6,615 ", 122 
19.12.2019," 7,285 ", 133 
20.12.2019," 7,150 ", 128 
21.12.2019," 7,190 ", 128 
22.12.2019," 7,143 ", 127 
23.12.2019," 7,512 ", 132 
24.12.2019," 7,323 ", 128 
25.12.2019," 7,254 ", 128 
26.12.2019," 7,192 ", 125 
27.12.2019," 7,195 ", 126 
28.12.2019," 7,244 ", 126 
29.12.2019," 7,301 ", 128 
30.12.2019," 7,387 ", 134 
31.12.2019," 7,219 ", 131 
1.01.2020," 7,168 ", 129 
2.01.2020," 7,175 ", 130 
3.01.2020," 6,945 ", 127 
4.01.2020," 7,328 ", 134 
5.01.2020," 7,349 ", 134 
6.01.2020," 7,353 ", 135 
7.01.2020," 7,762 ", 144 
8.01.2020," 8,164 ", 143 
9.01.2020," 8,043 ", 141 
10.01.2020," 7,817 ", 138 
11.01.2020," 8,191 ", 145 
12.01.2020," 8,021 ", 143 
13.01.2020," 8,177 ", 146 
14.01.2020," 8,104 ", 144 
15.01.2020," 8,836 ", 166 
16.01.2020," 8,813 ", 166 
17.01.2020," 8,720 ", 164 
18.01.2020," 8,899 ", 170 
19.01.2020," 8,910 ", 174 
20.01.2020," 8,702 ", 167 
21.01.2020," 8,628 ", 167 
22.01.2020," 8,725 ", 169 
23.01.2020," 8,658 ", 168 
24.01.2020," 8,390 ", 163 
25.01.2020," 8,428 ", 162 
26.01.2020," 8,330 ", 160 
27.01.2020," 8,591 ", 167 
28.01.2020," 8,895 ", 170 
29.01.2020," 9,389 ", 176 
30.01.2020," 9,282 ", 173 
31.01.2020," 9,504 ", 184 
1.02.2020," 9,332 ", 180 
2.02.2020," 9,379 ", 184 
3.02.2020," 9,324 ", 188 
4.02.2020," 9,285 ", 190 
5.02.2020," 9,162 ", 188 
6.02.2020," 9,614 ", 204 
7.02.2020," 9,759 ", 213 
8.02.2020," 9,811 ", 223 
9.02.2020," 9,906 ", 223 
10.02.2020," 10,166 ", 229 
11.02.2020," 9,855 ", 223 
12.02.2020," 10,274 ", 238 
13.02.2020," 10,353 ", 266 
14.02.2020," 10,240 ", 269 
15.02.2020," 10,370 ", 286 
16.02.2020," 9,905 ", 265 
17.02.2020," 9,929 ", 259 
18.02.2020," 9,700 ", 268 
19.02.2020," 10,185 ", 283 
20.02.2020," 9,603 ", 259 
21.02.2020," 9,610 ", 258 
22.02.2020," 9,693 ", 266 
23.02.2020," 9,669 ", 262 
24.02.2020," 9,976 ", 276 
25.02.2020," 9,661 ", 266 
26.02.2020," 9,306 ", 247 
27.02.2020," 8,785 ", 224 
28.02.2020," 8,810 ", 227 
29.02.2020," 8,709 ", 227 
1.03.2020," 8,527 ", 218 
2.03.2020," 8,533 ", 218 
3.03.2020," 8,914 ", 232 
4.03.2020," 8,756 ", 224 
5.03.2020," 8,758 ", 224 
6.03.2020," 9,067 ", 229 
7.03.2020," 9,155 ", 246 
8.03.2020," 8,900 ", 238 
9.03.2020," 8,036 ", 199 
10.03.2020," 7,933 ", 203 
11.03.2020," 7,887 ", 200 
12.03.2020," 7,938 ", 195 
13.03.2020," 4,861 ", 109 
14.03.2020," 5,627 ", 135 
15.03.2020," 5,166 ", 122 
16.03.2020," 5,345 ", 123 
17.03.2020," 5,032 ", 111 
18.03.2020," 5,337 ", 116 
19.03.2020," 5,411 ", 119 
20.03.2020," 6,188 ", 137 
21.03.2020," 6,209 ", 133 
22.03.2020," 6,190 ", 133 
23.03.2020," 5,824 ", 122 
24.03.2020," 6,501 ", 137 
25.03.2020," 6,767 ", 139 
26.03.2020," 6,696 ", 136 
27.03.2020," 6,762 ", 139 
28.03.2020," 6,371 ", 132 
29.03.2020," 6,256 ", 131 
30.03.2020," 5,877 ", 125 
31.03.2020," 6,403 ", 132 
1.04.2020," 6,423 ", 133 
2.04.2020," 6,660 ", 136 
3.04.2020," 6,806 ", 141 
4.04.2020," 6,741 ", 141 
5.04.2020," 6,876 ", 144 
6.04.2020," 6,779 ", 143 
7.04.2020," 7,346 ", 172 
8.04.2020," 7,201 ", 165 
9.04.2020," 7,367 ", 173 
10.04.2020," 7,294 ", 170 
11.04.2020," 6,873 ", 158 
12.04.2020," 6,888 ", 159 
13.04.2020," 6,905 ", 159 
14.04.2020," 6,861 ", 157 
15.04.2020," 6,875 ", 159 
16.04.2020," 6,624 ", 153 
17.04.2020," 7,113 ", 173 
18.04.2020," 7,035 ", 171 
19.04.2020," 7,259 ", 188 
20.04.2020," 7,129 ", 180 
21.04.2020," 6,842 ", 171 
22.04.2020," 6,854 ", 171 
23.04.2020," 7,136 ", 183 
24.04.2020," 7,485 ", 186 
25.04.2020," 7,508 ", 188 
26.04.2020," 7,548 ", 195 
27.04.2020," 7,704 ", 198 
28.04.2020," 7,791 ", 197 
29.04.2020," 7,764 ", 197 
30.04.2020," 8,787 ", 216 
1.05.2020," 8,636 ", 206 
2.05.2020," 8,826 ", 212 
3.05.2020," 8,983 ", 214 
4.05.2020," 8,906 ", 210 
5.05.2020," 8,886 ", 207 
6.05.2020," 9,033 ", 206 
7.05.2020," 9,156 ", 199 
8.05.2020," 10,000 ", 212 
9.05.2020," 9,812 ", 212 
10.05.2020," 9,542 ", 210 
11.05.2020," 8,734 ", 188 
12.05.2020," 8,572 ", 186 
13.05.2020," 8,822 ", 190 
14.05.2020," 9,316 ", 200 
15.05.2020," 9,792 ", 203 
16.05.2020," 9,309 ", 195 
17.05.2020," 9,385 ", 201 
18.05.2020," 9,671 ", 207 
19.05.2020," 9,724 ", 215 
20.05.2020," 9,783 ", 215 
21.05.2020," 9,513 ", 210 
22.05.2020," 9,057 ", 198 
23.05.2020," 9,169 ", 207 
24.05.2020," 9,179 ", 207 
25.05.2020," 8,719 ", 200 
26.05.2020," 8,898 ", 204 
27.05.2020," 8,844 ", 201 
28.05.2020," 9,200 ", 208 
29.05.2020," 9,578 ", 220 
30.05.2020," 9,425 ", 221 
31.05.2020," 9,700 ", 244 
1.06.2020," 9,448 ", 232 
2.06.2020," 10,205 ", 248 
3.06.2020," 9,526 ", 238 
4.06.2020," 9,664 ", 245 
5.06.2020," 9,793 ", 243 
6.06.2020," 9,620 ", 240 
7.06.2020," 9,671 ", 242 
8.06.2020," 9,752 ", 245 
9.06.2020," 9,783 ", 247 
10.06.2020," 9,778 ", 244 
11.06.2020," 9,893 ", 248 
12.06.2020," 9,268 ", 230 
13.06.2020," 9,460 ", 237 
14.06.2020," 9,471 ", 238 
15.06.2020," 9,330 ", 232 
16.06.2020," 9,427 ", 231 
17.06.2020," 9,524 ", 235 
18.06.2020," 9,455 ", 234 
19.06.2020," 9,381 ", 231 
20.06.2020," 9,299 ", 229 
21.06.2020," 9,357 ", 229 
22.06.2020," 9,284 ", 228 
23.06.2020," 9,692 ", 243 
24.06.2020," 9,622 ", 243 
25.06.2020," 9,286 ", 234 
26.06.2020," 9,243 ", 232 
27.06.2020," 9,155 ", 229 
28.06.2020," 9,003 ", 221 
29.06.2020," 9,118 ", 225 
30.06.2020," 9,184 ", 228 
1.07.2020," 9,136 ", 226 
2.07.2020," 9,235 ", 231 
3.07.2020," 9,090 ", 226 
4.07.2020," 9,066 ", 225 
5.07.2020," 9,139 ", 229 
6.07.2020," 9,084 ", 228 
7.07.2020," 9,346 ", 242 
8.07.2020," 9,254 ", 239 
9.07.2020," 9,438 ", 247 
10.07.2020," 9,237 ", 242 
11.07.2020," 9,287 ", 241 
12.07.2020," 9,235 ", 239 
13.07.2020," 9,300 ", 243 
14.07.2020," 9,237 ", 239 
15.07.2020," 9,255 ", 240 
16.07.2020," 9,191 ", 238 
17.07.2020," 9,130 ", 234 
18.07.2020," 9,154 ", 233 
19.07.2020," 9,175 ", 236 
20.07.2020," 9,213 ", 239 
21.07.2020," 9,162 ", 236 
22.07.2020," 9,393 ", 246 
23.07.2020," 9,537 ", 264 
24.07.2020," 9,615 ", 276 
25.07.2020," 9,551 ", 280 
26.07.2020," 9,710 ", 306 
27.07.2020," 9,941 ", 311 
28.07.2020," 11,046 ", 322 
29.07.2020," 10,934 ", 317 
30.07.2020," 11,111 ", 318 
31.07.2020," 11,112 ", 335 
1.08.2020," 11,352 ", 347 
2.08.2020," 11,816 ", 388 
3.08.2020," 11,065 ", 372 
4.08.2020," 11,237 ", 386 
5.08.2020," 11,194 ", 390 
6.08.2020," 11,752 ", 401 
7.08.2020," 11,774 ", 395 
8.08.2020," 11,604 ", 380 
9.08.2020," 11,772 ", 397 
10.08.2020," 11,689 ", 390 
11.08.2020," 11,895 ", 396 
12.08.2020," 11,391 ", 379 
13.08.2020," 11,569 ", 387 
14.08.2020," 11,793 ", 425 
15.08.2020," 11,774 ", 439 
16.08.2020," 11,862 ", 433 
17.08.2020," 11,916 ", 434 
18.08.2020," 12,298 ", 431 
19.08.2020," 11,957 ", 422 
20.08.2020," 11,757 ", 407 
21.08.2020," 11,865 ", 416 
22.08.2020," 11,525 ", 388 
23.08.2020," 11,675 ", 396 
24.08.2020," 11,651 ", 391 
25.08.2020," 11,760 ", 408 
26.08.2020," 11,329 ", 383 
27.08.2020," 11,464 ", 386 
28.08.2020," 11,328 ", 383 
29.08.2020," 11,532 ", 395 
30.08.2020," 11,477 ", 399 
31.08.2020," 11,714 ", 429 
1.09.2020," 11,656 ", 434 
2.09.2020," 11,924 ", 476 
3.09.2020," 11,397 ", 440 
4.09.2020," 10,176 ", 383 
5.09.2020," 10,464 ", 386 
6.09.2020," 10,161 ", 335 
7.09.2020," 10,255 ", 353 
8.09.2020," 10,374 ", 353 
9.09.2020," 10,123 ", 337 
10.09.2020," 10,227 ", 351 
11.09.2020," 10,347 ", 368 
12.09.2020," 10,395 ", 374 
13.09.2020," 10,447 ", 388 
14.09.2020," 10,329 ", 366 
15.09.2020," 10,677 ", 377 
16.09.2020," 10,784 ", 364 
17.09.2020," 10,951 ", 365 
18.09.2020," 10,943 ", 389 
19.09.2020," 10,934 ", 385 
20.09.2020," 11,081 ", 385 
21.09.2020," 10,920 ", 371 
22.09.2020," 10,415 ", 340 
23.09.2020," 10,532 ", 344 
24.09.2020," 10,232 ", 320 
25.09.2020," 10,740 ", 349 
26.09.2020," 10,691 ", 352 
27.09.2020," 10,732 ", 354 
28.09.2020," 10,776 ", 357 
29.09.2020," 10,694 ", 354 
30.09.2020," 10,840 ", 360 
1.10.2020," 10,777 ", 360 
2.10.2020," 10,618 ", 353 
3.10.2020," 10,574 ", 346 
4.10.2020," 10,550 ", 346 
5.10.2020," 10,675 ", 352 
6.10.2020," 10,795 ", 354 
7.10.2020," 10,603 ", 341 
8.10.2020," 10,671 ", 342 
9.10.2020," 10,929 ", 351 
10.10.2020," 11,061 ", 366 
11.10.2020," 11,302 ", 371 
12.10.2020," 11,376 ", 374 
13.10.2020," 11,536 ", 387 
14.10.2020," 11,427 ", 381 
15.10.2020," 11,429 ", 379 
16.10.2020," 11,504 ", 378 
17.10.2020," 11,324 ", 366 
18.10.2020," 11,366 ", 369 
19.10.2020," 11,509 ", 378 
20.10.2020," 11,758 ", 379 
21.10.2020," 11,922 ", 369 
22.10.2020," 12,813 ", 392 
23.10.2020," 12,991 ", 415 
24.10.2020," 12,942 ", 410 
25.10.2020," 13,126 ", 413 
26.10.2020," 13,040 ", 406 
27.10.2020," 13,073 ", 393 
28.10.2020," 13,650 ", 404 
29.10.2020," 13,287 ", 389 
30.10.2020," 13,460 ", 387 
31.10.2020," 13,566 ", 383 
1.11.2020," 13,809 ", 387 
2.11.2020," 13,765 ", 397 
3.11.2020," 13,573 ", 384 
4.11.2020," 14,026 ", 388 
5.11.2020," 14,163 ", 403 
6.11.2020," 15,605 ", 417 
7.11.2020," 15,601 ", 456 
8.11.2020," 14,836 ", 436 
9.11.2020," 15,486 ", 455 
10.11.2020," 15,334 ", 445 
11.11.2020," 15,318 ", 451 
12.11.2020," 15,709 ", 464 
13.11.2020," 16,303 ", 463 
14.11.2020," 16,341 ", 477 
15.11.2020," 16,086 ", 462 
16.11.2020," 15,967 ", 449 
17.11.2020," 16,716 ", 461 
18.11.2020," 17,681 ", 483 
19.11.2020," 17,795 ", 479 
20.11.2020," 17,823 ", 472 
21.11.2020," 18,681 ", 510 
22.11.2020," 18,709 ", 553 
23.11.2020," 18,441 ", 561 
24.11.2020," 18,393 ", 609 
25.11.2020," 19,167 ", 605 
26.11.2020," 18,731 ", 570 
27.11.2020," 17,164 ", 520 
28.11.2020," 17,142 ", 519 
29.11.2020," 17,736 ", 538 
30.11.2020," 18,194 ", 576 
1.12.2020," 19,705 ", 617 
2.12.2020," 18,788 ", 586 
3.12.2020," 19,227 ", 598 
4.12.2020," 19,451 ", 617 
5.12.2020," 18,664 ", 568 
6.12.2020," 19,158 ", 597 
7.12.2020," 19,379 ", 602 
8.12.2020," 19,180 ", 591 
9.12.2020," 18,321 ", 555 
10.12.2020," 18,549 ", 573 
11.12.2020," 18,246 ", 559 
12.12.2020," 18,029 ", 544 
13.12.2020," 18,808 ", 568 
14.12.2020," 19,163 ", 590 
15.12.2020," 19,274 ", 586 
16.12.2020," 19,441 ", 589 
17.12.2020," 21,379 ", 638 
18.12.2020," 22,838 ", 644 
19.12.2020," 23,144 ", 655 
20.12.2020," 23,864 ", 659 
21.12.2020," 23,481 ", 638 
22.12.2020," 22,725 ", 608 
23.12.2020," 23,829 ", 637 
24.12.2020," 23,245 ", 586 
25.12.2020," 23,722 ", 612 
26.12.2020," 24,699 ", 627 
27.12.2020," 26,456 ", 636 
28.12.2020," 26,251 ", 683 
29.12.2020," 27,038 ", 730 
30.12.2020," 27,372 ", 732 
31.12.2020," 28,890 ", 752 
1.01.2021," 28,985 ", 737 
2.01.2021," 29,405 ", 731 
3.01.2021," 32,217 ", 775 
4.01.2021," 33,072 ", 980 
5.01.2021," 32,042 "," 1,043 "
6.01.2021," 34,043 "," 1,103 "
7.01.2021," 36,881 "," 1,212 "
8.01.2021," 39,506 "," 1,226 "
9.01.2021," 40,652 "," 1,218 "
10.01.2021," 40,256 "," 1,281 "
11.01.2021," 38,180 "," 1,256 "
12.01.2021," 35,481 "," 1,089 "
13.01.2021," 34,045 "," 1,050 "
14.01.2021," 37,390 "," 1,131 "
15.01.2021," 39,152 "," 1,233 "
16.01.2021," 36,765 "," 1,171 "
17.01.2021," 36,029 "," 1,228 "
18.01.2021," 35,816 "," 1,233 "
19.01.2021," 36,617 "," 1,258 "
20.01.2021," 35,927 "," 1,369 "
21.01.2021," 35,508 "," 1,378 "
22.01.2021," 30,808 "," 1,111 "
23.01.2021," 33,015 "," 1,235 "
24.01.2021," 32,115 "," 1,234 "
25.01.2021," 32,286 "," 1,392 "
26.01.2021," 32,262 "," 1,319 "
27.01.2021," 32,524 "," 1,368 "
28.01.2021," 30,425 "," 1,243 "
29.01.2021," 33,447 "," 1,332 "
30.01.2021," 34,262 "," 1,379 "
31.01.2021," 34,312 "," 1,378 "
1.02.2021," 33,139 "," 1,314 "
2.02.2021," 33,534 "," 1,374 "
3.02.2021," 35,515 "," 1,513 "
4.02.2021," 37,692 "," 1,669 "
5.02.2021," 36,996 "," 1,598 "
6.02.2021," 38,311 "," 1,722 "
7.02.2021," 39,282 "," 1,679 "
8.02.2021," 38,877 "," 1,616 "
9.02.2021," 46,439 "," 1,752 "
10.02.2021," 46,527 "," 1,772 "
11.02.2021," 44,870 "," 1,743 "
12.02.2021," 48,005 "," 1,788 "
13.02.2021," 47,433 "," 1,846 "
14.02.2021," 47,216 "," 1,818 "
15.02.2021," 48,673 "," 1,804 "
16.02.2021," 47,943 "," 1,780 "
17.02.2021," 49,167 "," 1,782 "
18.02.2021," 52,132 "," 1,851 "
19.02.2021," 51,601 "," 1,938 "
20.02.2021," 55,948 "," 1,958 "
21.02.2021," 55,981 "," 1,916 "
22.02.2021," 57,492 "," 1,936 "
23.02.2021," 54,148 "," 1,779 "
24.02.2021," 48,903 "," 1,578 "
25.02.2021," 49,737 "," 1,626 "
26.02.2021," 47,079 "," 1,480 "
27.02.2021," 46,322 "," 1,445 "
28.02.2021," 46,170 "," 1,459 "
1.03.2021," 45,245 "," 1,422 "
2.03.2021," 49,639 "," 1,571 "
3.03.2021," 48,490 "," 1,489 "
4.03.2021," 50,400 "," 1,569 "
5.03.2021," 48,355 "," 1,539 "
6.03.2021," 48,770 "," 1,532 "
7.03.2021," 48,895 "," 1,652 "
8.03.2021," 50,963 "," 1,727 "
9.03.2021," 52,380 "," 1,834 "
10.03.2021," 54,914 "," 1,872 "
11.03.2021," 55,900 "," 1,796 "
12.03.2021," 57,798 "," 1,826 "
13.03.2021," 57,240 "," 1,767 "
14.03.2021," 61,177 "," 1,922 "
15.03.2021," 59,004 "," 1,849 "
16.03.2021," 55,618 "," 1,793 "
17.03.2021," 56,903 "," 1,806 "
18.03.2021," 58,930 "," 1,824 "
19.03.2021," 57,648 "," 1,776 "
20.03.2021," 58,088 "," 1,809 "
21.03.2021," 58,095 "," 1,804 "
22.03.2021," 57,387 "," 1,785 "
23.03.2021," 54,108 "," 1,682 "
24.03.2021," 54,389 "," 1,669 "
25.03.2021," 52,294 "," 1,583 "
26.03.2021," 51,355 "," 1,587 "
27.03.2021," 55,075 "," 1,700 "
28.03.2021," 55,869 "," 1,714 "
29.03.2021," 55,780 "," 1,686 "
30.03.2021," 57,612 "," 1,816 "
31.03.2021," 58,774 "," 1,841 "
1.04.2021," 58,788 "," 1,918 "
2.04.2021," 58,726 "," 1,968 "
3.04.2021," 59,002 "," 2,135 "
4.04.2021," 57,093 "," 2,010 "
5.04.2021," 58,212 "," 2,077 "
6.04.2021," 59,104 "," 2,107 "
7.04.2021," 58,018 "," 2,113 "
8.04.2021," 55,937 "," 1,962 "
9.04.2021," 58,071 "," 2,081 "
10.04.2021," 58,093 "," 2,067 "
11.04.2021," 59,778 "," 2,134 "
12.04.2021," 59,968 "," 2,150 "
13.04.2021," 59,843 "," 2,138 "
14.04.2021," 63,570 "," 2,300 "
15.04.2021," 62,986 "," 2,432 "
16.04.2021," 63,256 "," 2,517 "
17.04.2021," 61,435 "," 2,427 "
18.04.2021," 60,088 "," 2,319 "
19.04.2021," 56,273 "," 2,242 "
20.04.2021," 55,699 "," 2,164 "
21.04.2021," 56,503 "," 2,334 "
22.04.2021," 53,812 "," 2,358 "
23.04.2021," 51,730 "," 2,401 "
24.04.2021," 51,177 "," 2,369 "
25.04.2021," 50,111 "," 2,217 "
26.04.2021," 49,107 "," 2,322 "
27.04.2021," 54,056 "," 2,535 "
28.04.2021," 55,072 "," 2,668 "
29.04.2021," 54,881 "," 2,751 "
30.04.2021," 53,584 "," 2,759 "
1.05.2021," 57,799 "," 2,777 "
2.05.2021," 57,859 "," 2,949 "
3.05.2021," 56,620 "," 2,952 "
4.05.2021," 57,202 "," 3,433 "
5.05.2021," 53,250 "," 3,242 "
6.05.2021," 57,498 "," 3,529 "
7.05.2021," 56,430 "," 3,492 "
8.05.2021," 57,383 "," 3,485 "
9.05.2021," 58,954 "," 3,914 "
10.05.2021," 58,293 "," 3,928 "
11.05.2021," 55,886 "," 3,950 "
12.05.2021," 56,749 "," 4,178 "
13.05.2021," 49,445 "," 3,824 "
14.05.2021," 49,699 "," 3,720 "
15.05.2021," 49,885 "," 4,081 "
16.05.2021," 46,709 "," 3,646 "
17.05.2021," 46,445 "," 3,585 "
18.05.2021," 43,561 "," 3,282 "
19.05.2021," 42,908 "," 3,379 "
20.05.2021," 36,776 "," 2,443 "
21.05.2021," 40,612 "," 2,775 "
22.05.2021," 37,345 "," 2,436 "
23.05.2021," 37,484 "," 2,294 "
24.05.2021," 34,707 "," 2,100 "
25.05.2021," 38,780 "," 2,649 "
26.05.2021," 38,389 "," 2,706 "
27.05.2021," 39,284 "," 2,889 "
28.05.2021," 38,503 "," 2,740 "
29.05.2021," 35,691 "," 2,413 "
30.05.2021," 34,623 "," 2,279 "
31.05.2021," 35,673 "," 2,389 "
1.06.2021," 37,305 "," 2,709 "
2.06.2021," 36,679 "," 2,634 "
3.06.2021," 37,576 "," 2,707 "
4.06.2021," 39,211 "," 2,854 "
5.06.2021," 36,862 "," 2,691 "
6.06.2021," 35,543 "," 2,630 "
7.06.2021," 35,810 "," 2,712 "
8.06.2021," 33,588 "," 2,593 "
9.06.2021," 33,405 "," 2,509 "
10.06.2021," 37,394 "," 2,610 "
11.06.2021," 36,680 "," 2,471 "
12.06.2021," 37,326 "," 2,354 "
13.06.2021," 35,542 "," 2,369 "
14.06.2021," 39,040 "," 2,510 "
15.06.2021," 40,530 "," 2,583 "
16.06.2021," 40,171 "," 2,544 "
17.06.2021," 38,342 "," 2,367 "
18.06.2021," 38,076 "," 2,371 "
19.06.2021," 35,790 "," 2,231 "
20.06.2021," 35,507 "," 2,167 "
21.06.2021," 35,586 "," 2,243 "
22.06.2021," 31,655 "," 1,888 "
23.06.2021," 32,516 "," 1,880 "
24.06.2021," 33,669 "," 1,968 "
25.06.2021," 34,651 "," 1,988 "
26.06.2021," 31,601 "," 1,812 "
27.06.2021," 32,273 "," 1,830 "
28.06.2021," 34,679 "," 1,981 "
29.06.2021," 34,472 "," 2,082 "
30.06.2021," 35,038 "," 2,163 "
1.07.2021," 35,046 "," 2,276 "
2.07.2021," 33,542 "," 2,110 "
3.07.2021," 33,812 "," 2,156 "
4.07.2021," 34,683 "," 2,227 "
5.07.2021," 35,299 "," 2,324 "
6.07.2021," 33,717 "," 2,198 "
7.07.2021," 34,230 "," 2,323 "
8.07.2021," 33,875 "," 2,316 "
9.07.2021," 32,880 "," 2,117 "
10.07.2021," 33,812 "," 2,147 "
11.07.2021," 33,513 "," 2,110 "
12.07.2021," 34,239 "," 2,140 "
13.07.2021," 33,108 "," 2,035 "
14.07.2021," 32,729 "," 1,940 "
15.07.2021," 32,818 "," 1,994 "
16.07.2021," 31,857 "," 1,917 "
17.07.2021," 31,397 "," 1,877 "
18.07.2021," 31,522 "," 1,899 "
19.07.2021," 31,786 "," 1,892 "
20.07.2021," 30,822 "," 1,817 "
21.07.2021," 29,790 "," 1,786 "
22.07.2021," 32,125 "," 1,995 "
23.07.2021," 32,281 "," 2,024 "
24.07.2021," 33,639 "," 2,125 "
25.07.2021," 34,285 "," 2,187 "
26.07.2021," 35,415 "," 2,192 "
27.07.2021," 37,291 "," 2,229 "
28.07.2021," 39,492 "," 2,301 "
29.07.2021," 40,018 "," 2,300 "
30.07.2021," 40,025 "," 2,382 "
31.07.2021," 42,210 "," 2,464 "
1.08.2021," 41,454 "," 2,530 "
2.08.2021," 39,889 "," 2,557 "
3.08.2021," 39,171 "," 2,609 "
4.08.2021," 38,163 "," 2,507 "
5.08.2021," 39,733 "," 2,725 "
6.08.2021," 40,886 "," 2,829 "
7.08.2021," 42,836 "," 2,892 "
8.08.2021," 44,637 "," 3,163 "
9.08.2021," 43,829 "," 3,015 "
10.08.2021," 46,307 "," 3,166 "
11.08.2021," 45,603 "," 3,142 "
12.08.2021," 45,576 "," 3,165 "
13.08.2021," 44,425 "," 3,046 "
14.08.2021," 47,834 "," 3,324 "
15.08.2021," 47,102 "," 3,267 "
16.08.2021," 47,028 "," 3,312 "
17.08.2021," 45,931 "," 3,147 "
18.08.2021," 44,682 "," 3,012 "
19.08.2021," 44,721 "," 3,014 "
20.08.2021," 46,759 "," 3,185 "
21.08.2021," 49,337 "," 3,286 "
22.08.2021," 48,884 "," 3,227 "
23.08.2021," 49,300 "," 3,243 "
24.08.2021," 49,542 "," 3,321 "
25.08.2021," 47,716 "," 3,174 "
26.08.2021," 48,988 "," 3,229 "
27.08.2021," 46,852 "," 3,093 "
28.08.2021," 49,075 "," 3,276 "
29.08.2021," 48,920 "," 3,247 "
30.08.2021," 48,800 "," 3,226 "
31.08.2021," 46,993 "," 3,227 "
1.09.2021," 47,132 "," 3,432 "
2.09.2021," 48,849 "," 3,831 "
3.09.2021," 49,290 "," 3,788 "
4.09.2021," 50,024 "," 3,938 "
5.09.2021," 49,941 "," 3,887 "
6.09.2021," 51,787 "," 3,952 "
7.09.2021," 52,692 "," 3,929 "
8.09.2021," 46,843 "," 3,430 "
9.09.2021," 46,072 "," 3,499 "
10.09.2021," 46,382 "," 3,424 "
11.09.2021," 44,848 "," 3,208 "
12.09.2021," 45,162 "," 3,265 "
13.09.2021," 46,061 "," 3,407 "
14.09.2021," 44,966 "," 3,285 "
15.09.2021," 47,103 "," 3,436 "
16.09.2021," 48,150 "," 3,615 "
17.09.2021," 47,764 "," 3,569 "
18.09.2021," 47,288 "," 3,398 "
19.09.2021," 48,315 "," 3,436 "
20.09.2021," 47,247 "," 3,329 "
21.09.2021," 42,993 "," 2,975 "
22.09.2021," 40,655 "," 2,764 "
23.09.2021," 43,578 "," 3,077 "
24.09.2021," 44,894 "," 3,155 "
25.09.2021," 42,847 "," 2,930 "
26.09.2021," 42,710 "," 2,924 "
27.09.2021," 43,191 "," 3,064 "
28.09.2021," 42,190 "," 2,927 "
29.09.2021," 41,042 "," 2,807 "
30.09.2021," 41,538 "," 2,851 "
1.10.2021," 43,799 "," 3,001 "
2.10.2021," 48,163 "," 3,310 "
3.10.2021," 47,685 "," 3,390 "
4.10.2021," 48,224 "," 3,419 "
5.10.2021," 49,236 "," 3,384 "
6.10.2021," 51,507 "," 3,518 "
7.10.2021," 55,349 "," 3,577 "
8.10.2021," 53,790 "," 3,587 "
9.10.2021," 53,934 "," 3,561 "
10.10.2021," 54,956 "," 3,574 "
11.10.2021," 54,715 "," 3,419 "
12.10.2021," 57,493 "," 3,544 "
13.10.2021," 55,995 "," 3,489 "
14.10.2021," 57,378 "," 3,607 "
15.10.2021," 57,356 "," 3,791 "
16.10.2021," 61,684 "," 3,869 "
17.10.2021," 60,870 "," 3,826 "
18.10.2021," 61,528 "," 3,846 "
19.10.2021," 62,064 "," 3,747 "
20.10.2021," 64,277 "," 3,877 "
21.10.2021," 66,008 "," 4,161 "
22.10.2021," 62,212 "," 4,056 "
23.10.2021," 60,691 "," 3,971 "
24.10.2021," 61,326 "," 4,170 "
25.10.2021," 60,872 "," 4,083 "
26.10.2021," 63,082 "," 4,219 "
27.10.2021," 60,318 "," 4,130 "
28.10.2021," 58,475 "," 3,925 "
29.10.2021," 60,593 "," 4,289 "
30.10.2021," 62,266 "," 4,416 "
31.10.2021," 61,865 "," 4,322 "
1.11.2021," 61,356 "," 4,291 "
2.11.2021," 60,955 "," 4,324 "
3.11.2021," 63,259 "," 4,591 "
4.11.2021," 62,943 "," 4,606 "
5.11.2021," 61,446 "," 4,538 "
6.11.2021," 61,028 "," 4,480 "
7.11.2021," 61,536 "," 4,522 "
8.11.2021," 63,300 "," 4,617 "
9.11.2021," 67,554 "," 4,812 "
10.11.2021," 66,936 "," 4,732 "
11.11.2021," 64,972 "," 4,636 "
12.11.2021," 64,837 "," 4,724 "
13.11.2021," 64,158 "," 4,669 "
14.11.2021," 64,415 "," 4,647 "
15.11.2021," 65,496 "," 4,627 "
16.11.2021," 63,617 "," 4,564 "
17.11.2021," 60,129 "," 4,211 "
18.11.2021," 60,373 "," 4,291 "
19.11.2021," 56,922 "," 4,000 "
20.11.2021," 58,128 "," 4,300 "
21.11.2021," 59,752 "," 4,415 "
22.11.2021," 58,685 "," 4,266 "
23.11.2021," 56,310 "," 4,091 "
24.11.2021," 57,577 "," 4,343 "
25.11.2021," 57,194 "," 4,274 "
26.11.2021," 58,959 "," 4,525 "
27.11.2021," 53,712 "," 4,039 "
28.11.2021," 54,785 "," 4,100 "
29.11.2021," 57,303 "," 4,298 "
30.11.2021," 57,834 "," 4,448 "
1.12.2021," 56,973 "," 4,629 "
2.12.2021," 57,237 "," 4,587 "
3.12.2021," 56,525 "," 4,516 "
4.12.2021," 53,695 "," 4,223 "
5.12.2021," 49,266 "," 4,126 "
6.12.2021," 49,455 "," 4,202 "
7.12.2021," 50,564 "," 4,360 "
8.12.2021," 50,638 "," 4,310 "
9.12.2021," 50,512 "," 4,440 "
10.12.2021," 47,594 "," 4,106 "
11.12.2021," 47,162 "," 3,902 "
12.12.2021," 49,353 "," 4,083 "
13.12.2021," 46,804 "," 3,770 "
14.12.2021," 48,361 "," 3,856 "
15.12.2021," 49,223 "," 4,067 "
16.12.2021," 48,145 "," 4,034 "
17.12.2021," 46,954 "," 3,909 "
20.12.2021," 47,075 "," 3,925 "
21.12.2021," 49,072 "," 4,026 "
22.12.2021," 49,062 "," 4,018 "
23.12.2021," 50,852 "," 4,116 "
24.12.2021," 50,851 "," 4,063 "
27.12.2021," 51,057 "," 4,066 "
28.12.2021," 47,604 "," 3,812 "
29.12.2021," 47,186 "," 3,726 "
30.12.2021," 47,241 "," 3,732 "
31.12.2021," 46,353 "," 3,690 "
3.01.2022," 45,990 "," 3,724 "
4.01.2022," 46,163 "," 3,823 "
5.01.2022," 43,661 "," 3,562 "
6.01.2022," 43,120 "," 3,427 "
7.01.2022," 41,845 "," 3,213 "
10.01.2022," 41,758 "," 3,078 "
11.01.2022," 42,709 "," 3,235 "
12.01.2022," 43,795 "," 3,370 "
13.01.2022," 42,834 "," 3,271 "
14.01.2022," 43,324 "," 3,333 "
17.01.2022," 41,712 "," 3,164 "
18.01.2022," 42,404 "," 3,167 "
19.01.2022," 41,744 "," 3,117 "
20.01.2022," 41,109 "," 3,074 "
21.01.2022," 36,885 "," 2,624 "
24.01.2022," 36,777 "," 2,439 "
25.01.2022," 36,622 "," 2,421 "
26.01.2022," 36,377 "," 2,414 "
27.01.2022," 36,148 "," 2,353 "
28.01.2022," 37,850 "," 2,540 "
31.01.2022," 38,440 "," 2,681 "
1.02.2022," 38,829 "," 2,797 "
2.02.2022," 37,021 "," 2,667 "
3.02.2022," 36,930 "," 2,656 "
4.02.2022," 40,623 "," 2,955 "
7.02.2022," 44,095 "," 3,152 "
8.02.2022," 44,267 "," 3,120 "
9.02.2022," 44,566 "," 3,244 "
10.02.2022," 43,734 "," 3,114 "
11.02.2022," 42,595 "," 2,933 "
14.02.2022," 42,288 "," 2,920 "
15.02.2022," 44,014 "," 3,099 "
16.02.2022," 44,086 "," 3,140 "
17.02.2022," 40,740 "," 2,900 "
18.02.2022," 40,050 "," 2,788 "
21.02.2022," 37,250 "," 2,598 "
22.02.2022," 37,896 "," 2,605 "
23.02.2022," 37,568 "," 2,623 "
24.02.2022," 38,405 "," 2,636 "
25.02.2022," 38,935 "," 2,701 "
28.02.2022," 41,679 "," 2,823 "
1.03.2022," 43,862 "," 2,956 "
2.03.2022," 44,142 "," 2,977 "
3.03.2022," 42,296 "," 2,811 "
4.03.2022," 39,398 "," 2,611 "
7.03.2022," 37,840 "," 2,485 "
8.03.2022," 38,571 "," 2,565 "
9.03.2022," 41,884 "," 2,708 "
10.03.2022," 39,336 "," 2,603 "
11.03.2022," 38,902 "," 2,576 "
14.03.2022," 38,737 "," 2,541 "
15.03.2022," 39,691 "," 2,633 "
16.03.2022," 41,116 "," 2,765 "
17.03.2022," 41,028 "," 2,820 "
18.03.2022," 41,827 "," 2,955 "
21.03.2022," 41,294 "," 2,917 "
22.03.2022," 42,841 "," 3,013 "
23.03.2022," 42,404 "," 3,001 "
24.03.2022," 44,015 "," 3,106 "
25.03.2022," 44,494 "," 3,118 "
28.03.2022," 47,620 "," 3,376 "
29.03.2022," 47,315 "," 3,380 "
30.03.2022," 47,019 "," 3,389 "
31.03.2022," 45,805 "," 3,290 "
1.04.2022," 46,351 "," 3,458 "
4.04.2022," 46,489 "," 3,515 "
5.04.2022," 45,961 "," 3,455 "
6.04.2022," 43,830 "," 3,224 "
7.04.2022," 43,542 "," 3,220 "
8.04.2022," 42,640 "," 3,228 "
11.04.2022," 39,386 "," 2,969 "
12.04.2022," 39,650 "," 3,004 "
13.04.2022," 41,209 "," 3,106 "
14.04.2022," 39,958 "," 3,016 "
15.04.2022," 40,400 "," 3,030 "
18.04.2022," 40,820 "," 3,046 "
19.04.2022," 41,316 "," 3,098 "
20.04.2022," 41,502 "," 3,085 "
21.04.2022," 40,709 "," 3,004 "
22.04.2022," 39,617 "," 2,964 "
25.04.2022," 40,228 "," 3,013 "
26.04.2022," 38,308 "," 2,837 "
27.04.2022," 39,229 "," 2,887 "
28.04.2022," 39,800 "," 2,930 "
29.04.2022," 38,543 "," 2,807 "
2.05.2022," 38,665 "," 2,870 "
3.05.2022," 37,778 "," 2,785 "
4.05.2022," 39,747 "," 2,935 "
5.05.2022," 36,451 "," 2,740 "
6.05.2022," 35,985 "," 2,693 "
9.05.2022," 30,703 "," 2,267 "
10.05.2022," 30,682 "," 2,297 "
11.05.2022," 28,914 "," 2,080 "
12.05.2022," 28,395 "," 1,907 "
13.05.2022," 29,963 "," 2,069 "
16.05.2022," 30,137 "," 2,049 "
17.05.2022," 30,507 "," 2,086 "
18.05.2022," 29,136 "," 1,957 "
19.05.2022," 30,182 "," 2,006 "
20.05.2022," 29,123 "," 1,954 "
23.05.2022," 29,225 "," 1,983 "
24.05.2022," 29,529 "," 1,980 "
25.05.2022," 29,842 "," 1,970 "
26.05.2022," 29,527 "," 1,829 "
27.05.2022," 28,681 "," 1,732 "
30.05.2022," 31,847 "," 1,992 "
31.05.2022," 31,680 "," 1,943 "
1.06.2022," 29,515 "," 1,795 "
2.06.2022," 30,335 "," 1,826 "
3.06.2022," 29,776 "," 1,785 "
6.06.2022," 31,475 "," 1,871 "
7.06.2022," 31,424 "," 1,843 "
8.06.2022," 30,357 "," 1,805 "
9.06.2022," 30,099 "," 1,793 "
10.06.2022," 29,250 "," 1,681 "
13.06.2022," 23,079 "," 1,233 "
14.06.2022," 21,494 "," 1,169 "
15.06.2022," 22,294 "," 1,232 "
16.06.2022," 20,651 "," 1,100 "
17.06.2022," 20,531 "," 1,081 "
20.06.2022," 20,367 "," 1,100 "
21.06.2022," 20,926 "," 1,127 "
22.06.2022," 19,965 "," 1,058 "
23.06.2022," 20,676 "," 1,122 "
24.06.2022," 21,362 "," 1,228 "
27.06.2022," 20,789 "," 1,197 "
28.06.2022," 20,366 "," 1,165 "
29.06.2022," 20,268 "," 1,113 "
30.06.2022," 18,807 "," 1,022 "
1.07.2022," 19,351 "," 1,064 "
4.07.2022," 19,900 "," 1,132 "
5.07.2022," 20,327 "," 1,150 "
6.07.2022," 20,343 "," 1,162 "
7.07.2022," 21,667 "," 1,239 "
8.07.2022," 21,730 "," 1,232 "
11.07.2022," 20,175 "," 1,116 "
12.07.2022," 19,332 "," 1,041 "
13.07.2022," 19,932 "," 1,089 "
14.07.2022," 20,485 "," 1,184 "
15.07.2022," 20,953 "," 1,255 "
18.07.2022," 21,647 "," 1,487 "
19.07.2022," 23,622 "," 1,576 "
20.07.2022," 23,577 "," 1,543 "
21.07.2022," 23,189 "," 1,587 "
22.07.2022," 22,734 "," 1,536 "
25.07.2022," 22,016 "," 1,513 "
26.07.2022," 20,936 "," 1,380 "
27.07.2022," 22,708 "," 1,613 "
28.07.2022," 23,880 "," 1,739 "
29.07.2022," 23,797 "," 1,715 "
1.08.2022," 23,064 "," 1,627 "
2.08.2022," 23,111 "," 1,658 "
3.08.2022," 23,255 "," 1,634 "
4.08.2022," 22,516 "," 1,589 "
5.08.2022," 23,142 "," 1,703 "
8.08.2022," 23,849 "," 1,772 "
9.08.2022," 23,186 "," 1,707 "
10.08.2022," 23,980 "," 1,863 "
11.08.2022," 24,203 "," 1,899 "
12.08.2022," 24,111 "," 1,923 "
15.08.2022," 24,016 "," 1,903 "
16.08.2022," 23,919 "," 1,877 "
17.08.2022," 23,320 "," 1,837 "
18.08.2022," 23,361 "," 1,868 "
19.08.2022," 21,087 "," 1,645 "
22.08.2022," 21,131 "," 1,576 "
23.08.2022," 21,483 "," 1,648 "
24.08.2022," 21,633 "," 1,677 "
25.08.2022," 21,584 "," 1,702 "
26.08.2022," 20,629 "," 1,556 "
29.08.2022," 20,214 "," 1,545 "
30.08.2022," 19,847 "," 1,533 "
31.08.2022," 20,246 "," 1,578 "
1.09.2022," 20,138 "," 1,588 "
2.09.2022," 19,993 "," 1,582 "
5.09.2022," 19,735 "," 1,594 "
6.09.2022," 18,970 "," 1,583 "
7.09.2022," 19,400 "," 1,651 "
8.09.2022," 19,324 "," 1,637 "
9.09.2022," 21,236 "," 1,713 "
12.09.2022," 22,354 "," 1,716 "
13.09.2022," 20,126 "," 1,592 "
14.09.2022," 20,154 "," 1,617 "
15.09.2022," 19,801 "," 1,486 "
16.09.2022," 19,731 "," 1,437 "
19.09.2022," 19,550 "," 1,381 "
20.09.2022," 18,907 "," 1,322 "
21.09.2022," 18,446 "," 1,250 "
22.09.2022," 19,198 "," 1,310 "
23.09.2022," 19,020 "," 1,328 "
24.09.2022," 18,937 "," 1,318 "
26.09.2022," 19,223 "," 1,199 "
27.09.2022," 19,111 "," 1,335 "
28.09.2022," 19,427 "," 1,330 "
29.09.2022," 19,573 "," 1,337 "
30.09.2022," 19,432 "," 1,336 "
1.10.2022," 19,312 "," 1,328 "
2.10.2022," 19,044 "," 1,312 "
3.10.2022," 19,624 "," 1,276 "
4.10.2022," 20,337 "," 1,323 "
5.10.2022," 20,161 "," 1,362 "
6.10.2022," 19,955 "," 1,353 "
7.10.2022," 19,547 "," 1,352 "
8.10.2022," 19,417 "," 1,333 "
9.10.2022," 19,446 "," 1,316 "
10.10.2022," 19,141 "," 1,323 "
11.10.2022," 19,051 "," 1,291 "
12.10.2022," 19,157 "," 1,280 "
13.10.2022," 19,383 "," 1,295 "
14.10.2022," 19,186 "," 1,288 "
15.10.2022," 19,068 "," 1,297 "
16.10.2022," 19,268 "," 1,275 "
17.10.2022," 19,551 "," 1,306 "
18.10.2022," 19,334 "," 1,332 "
19.10.2022," 19,140 "," 1,310 "
20.10.2022," 19,054 "," 1,286 "
21.10.2022," 19,172 "," 1,283 "
22.10.2022," 19,208 "," 1,300 "
23.10.2022," 19,567 "," 1,314 "
24.10.2022," 19,346 "," 1,363 "
25.10.2022," 20,096 "," 1,345 "
26.10.2022," 20,770 "," 1,462 "
27.10.2022," 20,286 "," 1,567 "
28.10.2022," 20,595 "," 1,514 "
29.10.2022," 20,818 "," 1,555 "
30.10.2022," 20,636 "," 1,620 "
31.10.2022," 20,496 "," 1,591 "
1.11.2022," 20,485 "," 1,573 "
2.11.2022," 20,160 "," 1,580 "
3.11.2022," 20,210 "," 1,520 "
4.11.2022," 21,147 "," 1,532 "
5.11.2022," 21,283 "," 1,645 "
6.11.2022," 20,926 "," 1,628 "
7.11.2022," 20,603 "," 1,572 "
8.11.2022," 18,541 "," 1,569 "
9.11.2022," 15,881 "," 1,333 "
10.11.2022," 17,587 "," 1,100 "
11.11.2022," 17,034 "," 1,299 "
12.11.2022," 16,799 "," 1,287 "
13.11.2022," 16,353 "," 1,255 "
14.11.2022," 16,618 "," 1,222 "
15.11.2022," 16,885 "," 1,242 "
16.11.2022," 16,669 "," 1,252 "
17.11.2022," 16,688 "," 1,216 "
18.11.2022," 16,698 "," 1,201 "
19.11.2022," 16,712 "," 1,212 "
20.11.2022," 16,292 "," 1,218 "
21.11.2022," 15,787 "," 1,142 "
22.11.2022," 16,190 "," 1,108 "
23.11.2022," 16,611 "," 1,135 "
24.11.2022," 16,604 "," 1,183 "
25.11.2022," 16,522 "," 1,204 "